label,data
cyo,Ang lamgam ay doto sa manga langit.
fkv,En ymmärä.
fkv,Kiitos!
fkv,Kiitoksii!
fkv,Antheeksi.
fkv,Antheeksi!
fkv,Mie puhhuun telefoonissa.
fkv,Kväänikansan päivä oon 16. marsikuuta.
fkv,Saatat oppiit yhđen ja toisen sanan.
fkv,Mitä tehet?
kan,"ಪ್ರಾಮಾಣಿಕವಾಗಿ ಹೇಳಬೇಕೆಂದರೆ, ನಾನು ಗೊತ್ತಿಲ್ಲ"
kan,ಇದು ಪುಸ್ತಕ.
kan,ನಿನ್ನೆ ಬಂದ ಹುಡುಗ ನನ್ನ ತಮ್ಮ ಆಗಿದ್ದ
kan,ಗಂಟೆ ಎಷ್ಟು?
kan,"ಇದು ಟಾಮಿನ ಕನ್ನಡಕ, ನನ್ನದಿಲ್ಲ."
kan,ನೀವು ಯಾವಾಗಲಾದರೂ ಕಚ್ಚಾ ಮೀನು ತಿಂದಿದ್ದೀರಾ?
kan,ಅವನು ಅವನ ಮಗಳಿಗೆ ಹೊಸ ಬಟ್ಟೆಯನ್ನು ಖರೀದಿಸಿದನು.
kan,ಎಚ್ಚರವಾಗಿರಲು ನಾನು ಇನ್ನು ಸ್ವಲ್ಪ ಕಾಫಿ ಕುಡಿಯಬೇಕು ಅಂತ ಅನಿಸುತ್ತೆ.
kan,ಟಾಮ್ ಈಗ ನಿಮಗೆ ತಯಾರಾಗಿದ್ದಾನೆ.
krc,"Том, терекден джыгъылама деб, бутакъгъа къадалыб къалды."
krc,Сен аннъа нек къадалгъанса?
krc,Джел болмагъан кюн чибинле къадалыб къаладыла.
krc,Керексиз затланы айтыб къадала турма.
krc,Атны бойнундан къадалды.
krc,Бизни ийнамыбыз къадамады.
krc,"Тюб тамыры ярабатдан къарайды, баш булчугъу джулдузланы санайды."
krc,Аны ёмюрю таӱукъгъа юш деген болмаз.
krc,Кечигип келгеним ючюн айыб этме.
liv,Mēg ūomõ īd vannit.
liv,Vȯi täddõn attõ lapst?
liv,Kui tēḑi nutāb?
liv,"Tienū. ""Võtāgid jõvāks."""
liv,Min kīela pīlõb.
liv,Kīela um vīžtuoistõn minūtõ pūtõb kuolmõst.
liv,Sin kaš um mustā.
liv,Siņņi kȭr um ūž.
liv,Ēḑõgid mōzõ.
mfe,Mo ena de sat.
mfe,Mo ena enn ser.
mfe,Mo ena de frer.
mfe,Mo ena trwa frer.
mfe,Mo ena enn frer.
mfe,Mo pé ekrir enn liv.
pap,E Burj Khalifa awo ta e mas halto edifisio di e mundo.
pap,Kòrsou ta usa un sistema di skirbimentu fonétiko.
pap,Papiamento ta un lenga oficial na Aruba.
pap,Derecho di outodeterminashon di pueblo di Kòrsou ta apsoluto i intransferibel.
pap,Teritorio di Pais Kòrsou ta konsistí di e islanan Kòrsou i Klein-Curaçao.
pap,Mi no ta kere!
pap,Kon ta ku bo awe?
pap,Ayo!
pap,Bon tardi.
awa,ऊ हमै मालुम है।
awa,का सुन्नर सहर ह!
awa,बहोत सुन्नर रहा।
awa,इ गुलाब सुन्नर ह।
awa,इ नदी सुन्नर ह।
awa,उ बहोत सुन्नर ह।
awa,उ मेहरारू सुन्नर ह।
awa,प्राग बहोत सुन्नर ह।
awa,उ सहर सुन्नर ह।
cho,Himak affʋmmi yʋt tahlepa sipokni tuklo akocha awah tahlapi.
cho,Tobi atampa ʋpa li tuk atukon himo ʋm anshakʋt taloʋt issahe kiyo.
cho,Im ithʋna chia ho̱?
cho,Filanchi ish anumpoli ho̱?
cho,I̱kilish ish anumpoli ho̱?
cho,"Ʋmmona ka̱ Chitokaka yʋt ʋba, micha yakni aiena ka̱ ikbi tok."
cho,Ofi lusa yʋt katos tohbi pisa.
cho,Hattak sipokni ʋt binili.
cho,Ʋllatek himitta yʋt taloa.
jav,Kowé kuwi mesthi telat.
jav,ꦏꦺꦴꦮꦺꦏꦸꦮꦶꦩꦼꦱ꧀ꦡꦶꦠꦼꦭꦠ꧀
jav,Aku kuciwa marang Sampéyan.
jav,ꦲꦏꦸꦏꦸꦕꦶꦮꦩꦫꦁꦱꦩ꧀ꦥꦺꦪꦤ꧀
jav,"Kowé rak durung ndelok Tom, ta?"
jav,ꦏꦺꦴꦮꦺꦫꦏ꧀ꦢꦸꦫꦸꦁꦤ꧀ꦢꦼꦭꦺꦴꦏ꧀ꦠꦺꦴꦩ꧀ꦠ‌?
jav,Aku keciliken.
jav,ꦲꦏꦸꦏꦼꦕꦶꦭꦶꦏꦼꦤ꧀
jav,Iki artine apa?
kek,Laa'in Tom.
kek,¡B'antiox!
kek,¡Yo'o!
kek,¿Ani laa k'ab'a'?
kek,Tom lin k'ab'a'.
kek,Us.
kek,¿B'ar wan li tz'eqb'ahib'?
kek,¿B'ar wan li tz'eqleb'aal?
kek,¿B'ar wan li letrin?
sma,Manne leam nyjsenæjja.
sma,Manne leam njieljieluhkien jaepien båeries.
sma,Datne leah ålma.
sma,Datne dåaktarinie barkeminie.
sma,Dïhte lea baernie.
sma,Dïhte noereskuvlesne vaedtsieminie.
sma,Manne leam maana.
sma,David lea gåetesne.
sma,Im daejrieh.
aii,ܒܘܪܓ̰ܐ ܕ ܟ̣ܠܝܦ̮ܐ ܐܝܠܗ ܐܘ ܒܘܪܓ̰ܐ ܒܘܫ ܪܡܐ ܓܘ ܕܘܢܝ̈ܐ܂
aii,ܐܡܝܢ
aii,ܓܠܐܠܹܗ ܐܝܼܙܓܕܐ ܕ ܠܸܒ݂ܢܵܢ ܓܘ ܒܘܝܢܸܣ ܐܵܝܪܸܣ
aii,ܩܪܵܐ ܠܲܬܪܸܥܣܲܪ ܬܲܠܡܝܼܕ݂ܵܘܗܝ
aii,ܐ݇ܡܸܪܵܗ ܣܦܲܪܝܵܘܡܵܐ
arg,Lui è stato d'accordo.
arg,Grazias!
arg,T'amo.
arg,Cómo te clamas?
arg,Qué yes fendo?
arg,No sé.
arg,Aón vas?
arg,Án bibes?
arg,T'án vas?
ban,Icang ngelah cicing.
ban,Tiang ngelah cicing.
ban,Bok icang beteg.
bos,Ona ima dvadeset djecu.
bos,"Blagajnik, koji radi u samoposlugi je veoma brz."
bos,Tirana je glavni grad Albanije.
bos,Emily je Engleskinja.
bos,Da li si ti muškarac ili žena?
bos,Bio sam sretan.
bos,Bio sam ljubomoran.
bos,Bila sam ljubomorna.
bos,Bio sam juče sretan.
gla,B' e Èirisgeach a bh' innte.
gla,S' e Èirisgeach a th' ann an Tàmas.
gla,"Tha mi toilichte ur coinneachadh, a Thàmais."
gla,"Tha mi toilichte do choinneachadh, a Thàmais."
gla,Tha mòran oileanaich aca.
gla,S e oileanaich a tha annainn uile.
gla,S e oileanaich a tha ann an dithis dhinn.
gla,Cà bheil an t-oileanach?
gla,Is neònach leam gu bheil Tòmas ag ionnsachadh Fraingis.
hnj,Koj moog qhov twg?
hnj,Koj lub npe hu ua le cas?
hnj,Tus dlev nuav loj heev.
hnj,Tus dlev nuav loj lawm.
ike,Ai!
ike,Ai.
ike,"Ai, Tom."
ike,Qanuipit?
ike,Ai! Qanuipit?
ike,"Qanuipit, Mike?"
ike,"Qanuipit, Tom?"
ike,"Qanuipit? ""Qaniungi."""
ike,"Qanuipit? ""Qaniungi!"""
jdt,Амбар гоф мосох!
jdt,Чуь хабэри?
jdt,Шолум!
jdt,Худо кумек!
jdt,Е бульбуьл нуьшдебу э сер суьмбуьл.
jdt,"Амбар гоф сохугьо, амбар гьэлет мибу."
jdt,Рузэ хэир бу.
jdt,"Согъбоши, хуби."
jdt,Руз ишму э хэйр бу!
mad,Iya.
mad,Enja'.
mad,"Settong, dhue', tello, empa', lema', enem, petto', bellu', sanga', sapolo."
mad,Tom andhi' tello ana'.
mad,Tom andhi' dhue' ana'.
mad,Ce' penterra!
mad,Sakalangkong!
que,Kastilla simip hanllallinta pasaqlla pantani.
que,"Ama suway, ama llullay, ama qillay."
que,"Kamripi, Chubutpi, Kamri simiqa tukri simim."
que,Much’ananayakapushasqakupuniñataqsunamá.
que,Michiqa yanam.
que,"Hayk'a watayuqmi kanki? ""Chunka suqtayuq watayuqmi kani."""
que,"Hayk'a watayuqmi kanki? ""16 watayuqmi kani."""
que,"Imaynallam kachkanki? ""Allillanmi, añayki."""
que,Riqsinakuymanta anchatam kusikuni.
ron,N-am mai mâncat ceva de vreo trei zile.
ron,Drumul este închis.
ron,Astăzi este ziua de naștere a prietenului meu.
ron,Tom lucra pentru mine.
ron,Te rog lasă-mă să spun ceva.
ron,Poate o persoană cu adevărat să facă o diferență?
ary,أنا لن ادخن ابدا
ary,يمكن أن أقبل هذا.
ary,انه يأكل الكثير.
ary,أكرهه.
ary,يمكنني أن اسمعه.
ary,أستطيع الاستماع إلي ذلك.
ary,أتذكرها.
ary,أين هو؟
ary,ما هذا؟
grn,Omano iñakytã'aíre.
grn,Jope oñemyasãi opa che rete rupi.
grn,Taku oñemyasãi opa che rete rupi.
grn,Mba'éichapa oñemyasãi ko mba'asy?
grn,Ho'a che rehe peteĩ aratiri.
grn,Aratiri ho'a hína.
grn,Marandu vai oñemyasãi aratiri pya'éicha.
grn,Marandu vai piko!
grn,Aguereko marandu vai.
kum,"Авзундан гелген къолдан гелсе, гьар ким де пача болур эди."
kum,"Авлети ёкъну оьктемлиги ёкъ, къатыны ёкъну бир заты да ёкъ."
kum,"Кёп сёзню азы яхшы, аз сёзню оьзю яхшы."
kum,"Кёп яшагъан кёп билмес, кёпне гёрген кёп билер."
kum,"Кёпюр салгъан оьзю гечер, къую къазгъан оьзю тюшер."
kum,Шайтан булан сабангъа чыкъгъанда йимиксиз.
kum,Шагьгъа гёре бола чавуш да.
kum,Шагьбулут — шагьланы ашы.
kum,Шайтанлар шыбышлагъанда йимик.
mrj,"Пар имни кӓндӓкш ялан, ито шӹртнялтеш."
mrj,"Цеверӹн, туанвлӓ!"
mrj,"Вуйышкыжы куньырен пӹтарен, лицажат ак кай."
mrj,"Тидӹ лем агыл, тидӹ тюрвӹд."
mrj,Тытышде пелед шӹцшӹ олмаву дон вишнявлӓ.
mrj,Садвичӹштӹ кеквлӓ тытышде мырат.
mrj,Мӹнь икта вӓре тыменяш пыраш сӧрем.
mrj,Юмо – тиде пӱртӱс лиеш. Пӱртӱс ваштареш ида кай!
mrj,Калык мурыжо пӱртӱс йӱк-йӱан гыч лектеш.
pdc,Wie heischt du?
pdc,Di Furcht fumm Hah is da Ohfang funn Eisicht.
pdc,Die Furcht vum Herr iss der Ohfang vun Eisicht.
pdc,Ich heisse der Tom.
pdc,Der zwitte vun Hanning iss Grundsau Daag.
pdc,Guder Mariye!
pdc,Guder Daag!
pdc,Guder Owed!
pdc,Guti Nacht!
slv,Deseti september je svetovni dan preprečevanja samomorov.
slv,Portugalska ni izjema.
slv,Me boš prišel obiskat.
slv,Sivi so.
slv,Tom je moral v vrsti čakati tri ure.
slv,Pomahala je z obema rokama da bi jo lahko našel.
slv,Zna veliko ljudskih plesov.
slv,Ljudje so bili željni miru.
slv,Jack je v službi v obupu dal odpoved.
vep,Tervhen!
vep,Kut sinun azjad oma?
vep,Anda minei vet!
vep,Minä sön murgint.
vep,Minä pagižen vepsän kelel.
vep,Minä tulen tagaze päiväiči.
vep,Sinnä pidab mända mecröunaiči.
vep,Mö mänem mecha kaidad tehutme.
vep,Uden Vodenke!
xal,Би терүг хаҗ алхув.
xal,"Нә, ода йовий."
xal,Зәрмдән мана ээҗ КГБ-ас әәмшгтә.
xal,Мис күн биш!
xal,Тедн үрмүд?
xal,Тер күүүкд бүгд дурлдг.
xal,Миний эк тавн келәр келҗ чадна.
xal,Би өдр болһн чамтл одч чадхшв.
xal,Тедн эн асхн ТВ-гин олн бөлгтиг үзсн.
bam,Ɔwɔ.
bam,Ayi.
bam,I bisimila!
bam,Aw bisimila!
bam,I tɔgɔ bɛ di?
bam,Nɛnɛ bɛ.
bam,Funteni bɛ.
bam,I ni cɛ!
bam,Aw ni cɛ!
chv,Ку калем е кӑранташ?
chv,Япӑх ҫырать.
chv,Манӑн хль чӑнах та каймалла.
chv,Мисттӗр Митчӗл юлнӑ укҫине эрне веҫӗччен тӳлеме хушрӗ.
chv,Америккӑра пурӑнассӑм килет.
chv,Эпӗ Америккӑра пурӑнасшӑн.
chv,Тимĕр шапасен шӑлӗсем ҫук.
chv,Вӑл калать.
chv,Эпӗ каламастӑп.
fry,"Wit jo it seker, Tom?"
fry,Tom sil net maklik opjaan.
fry,Tom die dat trije wiken lyn.
fry,Ik bin sa ling as dyn.
fry,ik ha deselde problemen lykas do dy hast.
fry,Lokwinskje!
fry,Ferkeard.
fry,Sêfter.
fry,Ien hûn blaft nei ûnbekenden.
glv,Kys t’ou?
glv,Gura mie ayd!
glv,Ta mee breaw.
glv,Bretin.
glv,T'eh cummal ayns Sostyn.
glv,Cha nel sooillyn dhone ayd.
glv,Cha nel gunn echey.
glv,Vel co-earrooder noa eck?
glv,Ta'n ushtey glen.
ilo,Diak a talaga maawatan daytoy a parikut.
ilo,Indiayaannak ni Tom iti trabaho.
ilo,Saandata a matiliw.
ilo,Sagpaminsan nga umaynak kitaen.
ilo,Nakitak ni Mr Yamada iti Shinjuku Station itay bigat.
ilo,Ammo ti pusok ti kinapudno.
ilo,Nangngeg ni Tom ti tagari.
ilo,Asino ti nobiom?
ilo,Diak maawatan ti kayatna nga aramidek.
oar,די לחכימא ברמיזא.
oar,"חַד, תְּרֵין, תְּלָתָה, אַרְבְּעָה, חַמְשָׁה, שִׁתָּה, שַׁבְעָה, תְּמָנְיָא, תִּשְׁעָה, עַסְרָה."
oar,"ܚܰܕ, ܬܪ̈ܶܝܢ, ܬܠܳܬܳܐ, ܐܰܪܒܥܳܐ, ܚܰܡܫܳܐ, ܫܬܳܐ, ܫܰܒܥܳܐ, ܬܡܳܢܝܳܐ, ܬܶܫܥܳܐ, ܥܶܣܪܳܐ."
oar,ܪܚܡܢܐ ܠܝܨܠܢ
vec,Quanti ani gheto?
vec,El Burj Khalifa desso xe el pì alto gratasielo del mondo.
vec,Mi me ciamo Piero.
vec,Ti come te ciamito?
vec,Mi go vintitrì ani.
vec,Quanti ani ti gà?
vec,Da 'ndo ti vien?
vec,Bondì!
vec,Ben rivà!
aln,Tungjatjeta.
aln,Qysh je?
aln,Qysh jeni?
aln,Sa âsht ora?
aln,Ajo âsht e bukur!
aln,Mue m'ka hup nji libër.
aln,Qysh je kôn?
aln,A je kôn najher n'Shqipní?
aln,E kam pas ândërr me t'pa.
est,"Olen üritanud üle saada oma tagasihoidlikkusest, aga asjata."
est,Väga meeldiv!
est,Miks selles jões ujuda ei tohi?
est,Miks sellest jõest kala ei tohi püüda?
est,Kas vihmavesi on joodav?
est,Ole vait ja las ma mõtlen.
est,Millal sa hakkad liikuma?
est,Mina oleksin sellises olukorras uhkusest üsna puhevil.
est,Head ööd!
lin,Ndako na yó wapi?
lin,Mbwá na yó wapi?
lin,Nkómbó na yó náni?
lin,Nkómbó na ye náni?
lin,"Mbóte, nkómbó na ngáí Pekka. Nkómbó na yó náni?"
lin,Limbisa ngáí. Nkómbó na yó náni?
lin,Naloba kihispania moké.
lin,Nalobi kihispania té.
lin,Nazali na motuka you.
mal,ടോം നേരെ ഉറങ്ങാൻ പോയി.
mal,അവൾ വന്നു
mal,അവന്‍ ദയയില്ലാത്തവന്‍ ആണ്.
mal,അവള്‍ ദയയില്ലാത്തവള്‍ ആണ്.
mal,അവള്‍ നല്ല ഒരു പാചകക്കാരി ആണെന്ന് തോന്നുന്നു.
mal,എനിക്ക് ഇന്ന് ഇംഗ്ലീഷ് പഠിക്കാൻ തോന്നുന്നില്ല.
mal,ദൈവത്തിന് മുമ്പിൽ എല്ലാ മനുഷ്യരും തുല്യരാണ്.
mal,അവർ നിനക്ക് വേണ്ടി അത് ചെയ്യാൻ തയ്യാറാണ്.
mal,അമ്മയാണ് എന്നെ ഞാനാക്കിയത്.
mri,Kua tuhia e au tana nama waea.
mri,Kāore i uaua.
mri,E whakakoia ana te māripi e Tom.
mri,I ngaro tā rāua kurī i a rāua.
mri,I ngaro tā rātou kurī i a rātou.
mri,E hiahia ana ahau ki te hoki atu.
mri,E rata ana ngā tāngata katoa o konei ki a koe.
mri,Ka whakamaioha ahau ki te taea e koe te mahi i tērā mahi.
mri,Te āhua nei i te pōnānā a Tom.
nno,Han er snill.
nno,Det er omlag tre tusen moskéar i Istanbul.
nno,I Istanbul er det omtrent tre tusen moskéer.
nno,Det er i Istanbul omtrent tre tusen moskéer.
nno,Den gamle mannen hadde et edelt ansikt.
nno,"Det som er tillate for Jupiter, er ikkje tillate for oksen."
nno,Tom har vore gjennom nok.
nno,Du har vore gjennom mykje.
nno,"Viss du hadde følgd med, hadde du også vore bekymra."
sun,Hapunten.
sun,"Hiji, dua, tilu, opat, lima, genep, tujuh, dalapan, salapan, sapuluh."
sun,Ah maenya!
sun,Nami abdi Jack.
sun,Tenang.
sun,Henteu.
sun,Wilujeng wengi!
sun,Naon ieu?
sun,Ayeuna téh hujan.
tsn,Kea leboga fo tsotlhe tso o ndiretseng tsone.
tsn,Gone jaana Burj Khalifa ke kago e kgolo mo lefatsheng ka bophara.
arz,ما تلفّش و تدور.
arz,روح ساعدهم يا بضّ.
arz,إدّيني الزبدة لو سمحت.
arz,تتجوّزيني؟
arz,في الوقت ده مسمعناش غير كلام عن حرامية وجرايم قتل والناس اللي ماتت من الجوع.
arz,محتاج أجيب شوية طوابع.
arz,إستحالة أعمل كده.
arz,كل اللعب كانت مملة.
arz,ممكن آجي بكرة.
aym,Juspajaraña.
aym,"Aymar mark taypinxa, awk taykarux yäqañapuniw sapxiwa."
cos,Burj Khalifa hè actualmente u grattacelu u più altu di u mondu.
cos,Benvenutu.
cos,Duva hè u pane?
ido,La propono estas akceptita.
ido,Plu bona esas regnar en l'Inferno kam servar en la Cielo.
ido,Me sempre drinkas du tasi de kafeo en la matino.
ido,Ilu parolis tre laute.
ido,Tom ne es tre populara.
ido,Ilua nevo rezidas en Nederlando.
ido,Lua nevo rezidas en Nederlando.
ido,Lia nevo rezidas en Nederlando.
ido,Ilua nepoto rezidas en Nederlando.
lao,ສະບາຍດີ!
lao,ເຈົ້າຊື່ຫຍັງ?
lao,ດີໃຈທີ່ຮູ້ກັບເຈົ້າ.
lao,ບໍ່ເຂົ້າໃຈ.
lao,ຂອບໃຈ!
lao,ລາກ່ອນ!
lao,ຂ້ອຍໄປໂຮງຮຽນ
lao,ຂ້ອຍມີແມວສອງໂຕ
lao,ລາວຮຽນພາສາອັງກິດ ແຕ່ລາວກໍ່ຮຽນພາສາເຍຍລະມັນດ້ວຽ
myv,Паро валске!
myv,Паро чи.
myv,Паро чокшне.
myv,Кода эрятадо?
myv,Кода эрямось?
myv,Кенярдтано эйзэнк.
myv,Покш пасиба!
myv,"Эно, нама."
myv,Вастомазонок!
ppl,Se tentzun tzunkisa pak ne tenshipal.
ppl,Nijiukaw.
ppl,Nimumaktijtuk yey shiwit.
ppl,"Shitetakatili Mario, sute, ne munan metzmakas."
ppl,Intekeman nikmaktuk se pula pal kikwa ne pelu.
ppl,Miak munekit tutepalewilis.
ppl,Ká ne tajtzin Bush.
ppl,Nikwajkwalua.
ppl,Niyulkukua.
rif,Azuɣ aman iḥman.
rif,Araḥeed da.
rif,Min tegged?
rif,Min teggem?
rif,Zid!
rif,A yamcum!
rif,Zi manis cekk?
rif,Zi manis cemm?
rif,Necc zi Rumanya.
ssw,Burj Khalifa libhilidi lelidze kwengca onkhe emhlabeni.
tam,புரியவில்லை.
tam,அவன் வருவான் என எதிர் பார்க்கிறேன்
tam,வயோதிகர்களிடம் அன்பாக இரு
tam,நீ வர வேண்டுமென விரும்புகிறேன்
tam,எங்களை உதவி செய்யும்படி கேட்டான்
tam,மற்றவர்களுக்கு முன்னே நான் வந்தேன்
tam,அவள் எதற்கும் பயப்படுவதில்லை
tam,இந்த தொப்பியின் விலை என்ன?
tam,இவர்களில் யார் உன்னுடைய சகோதரர்
tmw,Bunu yapmak olacağını düşündüğümden daha zordu.
tmw,Apak kaba?
tmw,Namak akuk Jack.
tmw,Apak namak ajih?
tmw,Apak namak ong?
tmw,Namak mican Jack.
toki,mi kin li wile.
toki,tempo kama la ona li moli e mi.
toki,ni li tomo mi.
toki,mi lili lon poka ona.
toki,"mama o, sina pali e seme?"
toki,ala li pali.
toki,sina pona ala tawa mi.
toki,tempo pini la jan Mewi li meli pi jan Ton.
aoz,Pah.
aoz,Tua.
aoz,Hao.
aoz,He’.
aoz,Ya.
aoz,Kaha’.
aoz,Kahfa’.
aoz,Nek seun banit!
aoz,Obrigadu!
eus,Liburu bat erosi nuen.
eus,Orain esnatuta nago.
eus,Ez dut zure lepokoa nahi.
eus,Begira etxe hori.
eus,Leila konturatu zen Sami bizirik zegoela.
eus,Ez nuen bere azalpena ulertu.
eus,Ez zegoen maiteminduta.
eus,Ez zegoen nitaz maiteminduta.
eus,"Urgentea ez denez, beste egun batean operatuko naute"
fur,O ài doi gjats.
fur,Di cui fevelistu?
fur,La traduzion e je la lenghe de Europe.
fur,Cemût stâstu?
fur,Ce non âstu?
fur,O ven di Anglie.
fur,O ven di Australie.
fur,Fevelistu talian?
fur,Fevelistu inglês?
jam,Im letzten Jahr hab ich ein wenig zugenommen.
jam,Gud Mawnin!
jam,Gud Mawnin.
jam,Weh yuh did deh?
jam,Mi gaan!
jam,Mi gaan.
jam,"Mi gaan, Sayoko!"
jam,Wah yuh muma name?
jam,Wah yuh faada niem?
kir,Кайдан китеп сатып алсам болот?
kir,Мен Киотодон болом.
kir,Канча мышыгыңыз бар?
kir,Том сүзгөндү жакшы көрөт.
kir,Тилдери жакшы көрөм.
kir,Анын акчасы жок экен.
kir,Сүрөттө канча адам бар?
kir,Мен Кыргызстандан болом.
kir,Сен тамашалап жатасынбы?
lad,Es un pedaso de medra.
lad,Pizo medra de perro.
lad,.איל קאב׳אייו איס און אנימאל
lad,En el prinsipyo krio el Dyo los syelos i la tyerra.
lad,"I disho el Dyo, sea luz, i fue luz."
lad,El kavayo es un animal.
lad,Vos invitamos a tornar i escucharmos.
lad,Kamma?
lad,Kero avlar kon eya.
lkt,Čhaȟsníyaŋ etáŋ wáte wačhíŋ kta.
lkt,Tȟaspáŋ kiŋ wáglutapi akáŋl yaŋké.
lkt,Nihúŋ thiyáta yaŋka kta he.
lkt,Waŋblí kiŋ ská.
lkt,Žaŋžáŋla kiŋ tákuni él úŋ šni.
lkt,Oákaŋke kiŋ čháŋ kiŋ khúta hétu.
lkt,Igmú ská waŋ bluhá.
lkt,Tuwéni okíčhize ciŋ šni.
lkt,Waníyetu ú.
mlg,Tratry ny taona!
mlg,Dibera dia vita amin'ny ronono.
mlg,Tena kamo aho.
mlg,Fa maninona ianao no kamo?
mlg,Misy nosy ao anaty ranomasina.
mlg,Iza moa kay no anaranao?
mlg,Manao ahoana ianao!
mlg,Manao ahoana e!
mlg,Tonga soa e!
mwl,"Uolho por uolho, diente por diente."
mwl,Buonos dies!
mwl,Las tartuas nun tiénen dientes.
oji,Bineshiinh ishpiming.
oss,"Францагау хорз дзурыс, афтæ нæу?"
oss,Мæ багаж фесæфтис.
oss,Ай у мæ фирмæйы адрис.
oss,Мæнæн дæр æхсыр раттут.
oss,Уый згъорын байдыдта.
oss,Фыццаг хатт ыл фембæлдтæн Лондоны.
oss,Сывæллон талынгæй тæрсы.
oss,Диваныл ма сбад.
oss,Ис мæм яхтæ.
wln,D'vas li faye et goyî comm' ein' tute.
wln,"Li picård, c'est on lingaedje d'oyi."
wln,I'n'a foc qu'ein osjaux d'cat d'veins l'cervelle de s'tiesse.
wln,"Bondjoû, tortos."
wln,Vas' ti fé arèdjî !
wln,Vas' à l'djote !
wln,Vas' tchîre è Moûze !
wln,"Li France, c'est on payis del Urope coûtchantrece."
wln,I comprind bé minou sins dire mon cat.
xho,Molo!
xho,Andazi nto.
xho,Uxolo! Ndingavula ifestile na?
xho,Wamkelekile.
xho,Ndithatha incwadi.
xho,UTom ebesoyika kakhulu.
xho,Andifuni ukuya esikolweni.
xho,Uligorha.
xho,Unxibe njengomfazi.
akl,Mayad-ayad nga pad-abot.
akl,Kamusta ka?
akl,Tawag it pulis!
akl,Sunog!
akl,Kamusta.
akl,Hay.
akl,Hello.
akl,Ano ro ngaean mo?
akl,Ro ngaean ko si Tom.
bel,Твая сястра спіць.
bel,Сарві кветку.
bel,Гэта апельсін.
bel,"Калісьці я гуляла ў камп’ютарныя гульні, але цяпер аддаю перавагу карыснейшым спосабам правесці час. Напрыклад, чытанню каментарыяў у інтэрнэце."
bel,Залева з градам знішчыла сёлетні ўраджай.
bel,Ліза вяла распрацоўку новай функцыі ў асобнай галіне рэпазіторыя.
bel,Саша так любіла хадзіць па гэтых засыпаных жоўтай лістотай сцяжынках.
bel,Гэта болей не праблема.
bel,Паедзеш на поездзе?
guj,વરસાદને કારણે આ વર્ષે ગુજરાતમાં ઘણું નુકશાન થયું
guj,વરસાદને કારણે ગામડામાં જવાના રસ્તાઓ ધોવાઈ ગયાં
guj,ખેતરોમાં પાણી ભરાઈ ગયાં
guj,વરસાદને કારણે લોકોના ઘરો પાણીમાં ડૂબી ગયાં
guj,શહેરના પાક્કા રસ્તાઓ પાણી ભરાવાના કારણે તૂટી ગયાં
guj,શહેરના નીચાણવાળા વિસ્તારમાં ઘરમાં પાણી ઘુસી ગયાં
guj,અતિવૃષ્ટિનાપ્રભાવનું નીરીક્ષણ કરવા દેશના વડાપ્રધાન આવ્યા
guj,પર્યાવરણની જાળવણી ન કરવાનાં કારણો થી અતિ વરસાદ થયો હોય તેમ માનવું યોગ્ય ગણાય.
guj,તમે સારા ભાઈ-બહેન છો.
hoc,Aña'a kajiben to'o keda ci kā?
hoc,Aña'a kajipe to'o keda ci kā?
hoc,Cena'am cike thana?
hoc,Cena'ben cike thana?
hoc,Cena'ape cike thana?
hoc,Adhānañ esu paitirema.
hoc,Adhānañ esu paiti re mena'apea.
hoc,Iŋglis-em jagara?
hoc,Iŋglis-ben jagara?
izh,Hyvvää öötä!
izh,Meil on yks kirja.
izh,Ken miä oon?
izh,Miä oon inkeroin.
izh,Mikä se ono?
izh,Hänel on koira.
mdf,Няемозонк!
mdf,Бурдж-Халифа тяни сембода оцю менелькъргама.
mdf,Шачема шицень мархта!
mdf,Шачема шить мархта!
mdf,Масторъётконь авань шить мархта!
mdf,Кендалхнень аш пейхть.
mdf,Эрятама цебярь ошса.
mon,Хэн нь өндөр вэ?
mon,Энэ машин хурдан.
mon,Дараа уулзацгаая!
mon,Олон Улсын Эмэгтэйчүүдийн Баярын Мэнд Хүргэе!
mon,Яст мэлхийнүүд шүдгүй.
mon,Та цанаар гулгаж чадах уу?
mon,Би гэрээ цэвэрлэх ёстой.
mon,Би Монголд амьдарч байсан.
mon,Би байна. Орж болох уу?
pau,A Burj Khalifa a kot el metongakl el blai ra beluulechad.
pau,Alii.
pau,Alii!
pau,Ungil tutau.
pau,Ungil tutau!
pau,Ungil sueleb!
pau,Ungil sueleb.
pau,Ungil kebesengei!
pau,Ungil kebesengei.
prg,Sunnis aulaūja.
prg,Tū assei men perklantīwuns.
prg,Deiwūtan Sirzdauamziskan Gennan Dēinān!
prg,Dīnkun!
prg,Tāns ermīri gērbsenin.
prg,Michael Jackson aulaūwa.
prg,As asma gattaws gallin.
prg,Bitasīdis gattaws.
prg,As gattaws.
rom,Kon džala maj paše yekhe lache kašteste lachi učhaľin ka arakhel les.
ast,Yes mui guapa.
ast,Nun fai falta dir.
ast,Tas buenu pa dir a nengún sitiu.
ast,Tengo fame.
ast,Ye la verdá.
ast,Esti xergón ye vieyu y máncame nel renaz.
ast,Nun faes traza.
ast,¡Bienveníu!
ast,Préstame tar contigo.
brx,Ma kalamdwng?
brx,Ang
brx,Toma table ni gahayao gaoni glasses nagirgasinw
brx,Tom aa kajwna kangraniprai takumadwng
brx,मोसरोम
brx,बेखौ माव
brx,थाब फै/गोखरै फै
brx,थेदै नायनि फै।
brx,थेमा नायनि फै।
cym,Mae'r car yn las.
cym,Rwyt ti'n fy neall i.
cym,Dych chi'n fy neall i.
cym,Dw i'n hoffi Hokkaido.
cym,Dw i'n hoffi siarad Cymraeg.
cym,Dw i'n hoffi coffi.
cym,Cafodd hi ei geni yn America.
cym,Mae e'n dod o Gymru.
cym,Atgyfododd Crist!
hin,मैं सोचता था कि तुम दोनो में बहुत सी बातें एक दुसरे से मिलती जुलती होगी।
hin,आपका शुभ नाम क्या है?
hin,जवाहरलाल नेहरू भारत के पहले प्रधान मंत्री थे।
hin,राजेंद्र प्रसाद भारत के पहले राष्ट्रपति थे।
hin,जल्दी कीजिए।
hin,मुझे तुमसे प्यार है।
hin,आस्ट्रेलिया में अंग्रेजी बोली जाती है।
hin,फ्रेंच फ्रांस में अौर इटली के कुछ हिस्सो में बोली जाती है।
hin,फ्रेंच इटली के कुछ हिस्सो में अौर फ्रांस में बोली जाती है।
nav,Abeʼ yistiní nisin.
nav,Ha'át'íísh baa da'íínółta?
nav,Ha'át'íísh yíhooł'aah?
nav,Bilagáana bizaad yíhooł'aah.
nav,Shá háchį'.
nav,Chidí éí łitso.
nav,T'óok bikéyahdę́ę́ naashá.
nav,Chidí binaashnish.
nav,Yá'ánísht'ééh!
urh,Ophra na obenu.
avk,Toklize blayak koe neva tigir ?
avk,Siputé.
avk,Me grulojbanavú.
avk,"Vay, lovion ropulvil ?"
avk,Tokote ko divexo lapil ?
avk,Tanon safteon pujé.
avk,Ko elpatxe jontikviele laní.
avk,Bill ko gerd jontikviele lanir.
avk,Ko bema kotviele laní.
lug,Tukyabanga ebintu byaffe bingi.
lug,Teri atukiridde.
orv,Свои къ своѥмоу по своѥ.
orv,Пѧть и триѥ єста осмь.
orv,Тъ пьсъ скочилъ.
orv,Тъ пьсъ скакалъ.
orv,Сь пьсъ рискалъ.
orv,Сь пьсъ выскочилъ.
orv,Охабила сѧ єго о иномь мѫжи.
orv,Ѿвьрже сѧ єго про инъ мѫжь.
orv,Мѫжь ми въ вѣкъ чьтеть на ложи.
smo,ʻOu te lē fia alu i le āʻoga.
smo,Na ʻou fia alu.
smo,Tai lava!
smo,Ou te alofa ia te oe.
smo,Ia manuia lau malaga!
smo,Sa'o.
smo,Sa'o!
smo,Sesē.
smo,Sesē!
tvl,Sei se tamaflne ngali pela.
tvl,Ko Tom tona ingoa.
tvl,Koe e fano ki fea?
tvl,E 'lei mea katoa?
tvl,E 'lei mea katoa!
tvl,Tokofla tino?
tvl,E fia?
tvl,E o ai te mea nei?
tvl,Se a?
vie,Bàn đăng ký của khách sạn này ở đâu?
vie,Tôi là phiên dịch viên
vie,Ông có dịch lời bài hát không?
vie,Các phiên dịch viên có dùng Tatoeba không?
vie,Dịch thuật rất mệt mỏi.
vie,Tôi được phép tắt đèn không?
vie,Bạn nên tắt điện thoại.
vie,Bạn có thể khóa cửa lại được không?
vie,Họ không đói.
ron,Motivul este destul de simplu.
ron,Nu mănânc niciodată carne.
ron,Ea este foarte tristă.
sgs,Dėdlē diekou!
sgs,Ne.
sgs,Ne!
sgs,Svēks!
sgs,Kāp gīveni?
sgs,Kuoks tava vards?
sgs,"Svēks, kuoks tava vards?"
sgs,Rokounaties anglėškā?
sgs,Rokounaties... anglėškā?
som,Guri waan leeyahay.
som,Noloshaydu waa xuntahay.
som,Waan wanaagsanahay.
som,Ingiriis miyaad ku hadashaa?
som,Waan quruxsanahay.
som,Diidiinka ilko ma leh.
som,Ku soo dhawaada Tatoeba!
som,Ku soo dhawoow Tatoeba!
som,Burj Khalifa waa dhismaha hadda adduunka ugu dheer.
csb,Jô jem dochtór.
csb,"Nji mògã dobrze pò anjelskú, chòcô szesc rokóv jô sã ve szkòli wucził."
csb,Majõ marvë wuszë?
csb,Môsz të kùgel abò blifk?
csb,"Élefanjtë sõ zvjérze, co nji mògõ na kòle jachac."
csb,Nôpevnjé won nje mdze njiżódnéwo sukcesë mjôł.
csb,Jejé zãbë bëłë bjôłé.
csb,Jú vjicé njechc.
csb,Tómkóv tatk sedzi v klúzi.
ell,Αθροιζωμεν συμμαχους εις είναι φιλος.
ell,Το κάπνισμα βλάπτει την υγεία σας.
ell,Μην πηγαίνεις κοντά στον σκύλο.
ell,Είμαι κατάκοπος εκ του δρόμου.
ell,Ψόφησα από την κούραση.
ell,Κι οι δύο γάτες μου ψόφησαν.
ell,Για πόσες μέρες πας στη Μύκονο;
ell,Ευτυχώς ψόφησε αυτό το αρχίδι.
ell,"Αυτό που χρειάζομαι δεν είναι λεφτά, μα η συμβουλή σου."
fao,Hetta er mín telda.
fao,Og nú skal eg siga tær mítt loyndarmál. Tað er sera einfalt: einans við hjartanum kanst tú síggja rætt. Tað avgerandi er ósjónlegt fyri eyganum.
fao,Hann er bøssi.
fao,"Góðan morgin, Mike."
fao,Góða nátt Tatoeba. Vit síggjast í morgin.
fao,Eg eri bestur.
fao,Eg eri best.
fao,"Hvar býrt tú? ""Eg búgvi í Tokyo."""
fao,"Øll hava rætt til vernd av andaligum og evnisligum áhugamálum í sambandi við eitt og hvørt vísindaligt, bókmentaligt ella listarligt verk, sum avvarðandi hevur greitt úr hondum."
fij,Yalo vinaka.
fij,E vica na kena i-sau?
fij,E vei na vale-lailai?
fij,O kemuni mai vei?
fij,"O kemuni mai vei, Karen?"
fij,Sega na lega!
fij,Sega na lega.
fij,Lo.
fij,Lo!
hif,Tehran kahaan hai?
hif,Tumaar naam kaa hai?
hif,Kitnaa daam hai?
hif,Beach kahaan hai?
hif,Bar kahaan hai?
hif,Uu buk kahaan hai?
hif,Rajendra Prasad India ke pahila President rahaa.
hif,India ke capital city New Delhi hai.
hif,New York badaa shahar hai.
krl,Terveh.
krl,"Terveh, Tom."
krl,"Terveh, Chicago!"
krl,Jiägiä tervehekse!
krl,Jiägiä tervehekse.
krl,"Jiägiä tervehekse, Sayoko."
krl,"Jiägiä tervehekse, Ian."
krl,"Jiägiä tervehekse, Tom."
krl,"Jiägiä tervehekse, Anna!"
mvv,Kapoyoh okou ahiubas.
mvv,"Ilai' min ayuk susuit-susuit ondo' mansisiab, kalo mantanom ilo ra sampug kapoam mangkumos am niayuk manimung ra akanon ra gudang, kaa' Ama' min giu' ra suruga' mampaakan risilo! Sala' ka kia maatang kau kaga' intor ra susuit-susuit no?"
mvv,"Kawi nu ulun enanak, abibas ambafahi misal no katalahaan am kono hak, siung nu ulun kondo pikiran am huang. Am masti anukung ra saumi am kono ra fokon yo hino karuruo tampahakka."
mvv,Kaa aun kapandai.
mvv,Nek kal Ɣella.
mvv,Kaansayan!
mvv,Kabar moonsoi.
mvv,"Kaansayan, osoi inggalan mu?"
mvv,Ati intor mu?
spa,Todavía hay asientos vacíos.
bul,Години наред кралят управляваше страната.
bul,"Освен че ще присъства на погребението, тя ще трябва да уреди и всичко останало."
bul,Най-сетне той замина за Америка.
bul,Не трябва да казваш онова нещо на родителите си.
bul,Нека след малко да видим какво е положението.
bul,Искам да поговоря със съпругата ви.
bul,Това е най- интерената исторая която съм чел някога.
bul,"Някога като имате време, ще се радвам ако хвърлите един поглед."
bul,Всяка сутрин пресичам жп линията.
ceb,Milabaw ang akong gugma sa kayugot niya.
ceb,Nagpalabaw sila sa hambog.
ceb,Way makalabaw sa akong kahingatag. Pero ihatag ko lang kay hambugero.
ceb,Ang mga ba-o kay walay ngipon.
ceb,Ambot lang.
ceb,"Dili siya makabuyag, mahitabo dayon, kay lala ug dila."
ceb,Wala siya makig-ilaila ni Duterte.
ceb,Wala akong asawa moila sa akong kinaadman.
ceb,Nagpampam lang si Rosi kay gusto siya ug kwartang sayon.
haw,ʻElua aʻu pōpoki.
haw,Maka ka palaoa.
haw,ʻAʻole maka ka palaoa.
haw,He wahine au.
haw,He kaikamahine au.
haw,He kāne mea wahine au.
haw,He kanaka au.
haw,He pōpoki au.
haw,Noho au ma Honolulu.
kam,Ũvoo!
kam,Niniendete ngiti.
kam,Ngiti nisyiukuma.
kam,Mbaka nikwataa mbia.
kam,Mbaka hĩĩ nĩ yakwa.
kam,Huu niw'o usi wa katatu munene nduniani.
kam,Tom niwe munene waku.
kam,Nuthambisye ngali?
kam,Mwaitu atũmie valũa hũũ kwacha.
kpv,Видза колян.
kpv,Видза колянныд.
kpv,Аддзысьлытӧдз.
kpv,Став бурсӧ!
kpv,Бур туй!
kpv,Пӧжалуйста.
kpv,Аттьӧ тіянлы.
kpv,Аскиӧдз!
kpv,Нимкодь тӧдмасьны.
min,Iko babeda.
min,Esperanto tu agak mirip jo italia.
min,Tom baranti untuak mamakai sapatunyo.
min,Tom masih mudo dan polos.
min,Awak maagiah inyo bungo.
min,Dima si Marika kini?
min,Tingga samo gaek nyo juo si Marika?
min,Tingga jo gaek nyo juo Marika?
min,Awak ka pai bulan muko.
moh,Nahó:ten iesá:iats?
moh,Nahó:ten' kí:ken?
moh,Nahó:ten' kí:ken? Kà:sere kí:ken.
moh,Senón:we's kenh?
moh,Sá:ien kenh kà:sere?
moh,Wahsahtsóhare' kenh?
moh,Wahsatenawiróhare' kenh?
moh,Katonhkária'ks!
moh,Ka'nón:we nihsí:teron?
non,"Faþer vár es ert í himenríki, verði nafn þitt hæilagt. Til kome ríke þitt, værði vili þin sva a iarðu sem í himnum. Gef oss í dag brauð vort dagligt. Ok fyr gefþu oss synþer órar, sem vér fyr gefom þeim er viþ oss hafa misgert. Leiðd oss eigi í freistni, heldr leys þv oss frá ǫllu illu."
non,Hundrinn deyr.
non,Hundrinn er hvítr.
non,Hundrinn er snjallr.
non,Ek heiti Tomr.
non,Ek em.
non,Ek køm.
rom,Keci ďivesa hin andro kurko?
rom,The bango kašt del učhal.
rom,"Sar tuke lačhareha o hadžos, avka soveha."
rom,Bije buťi nane marikľi.
rom,Naj man jekh phral numa si man duj pheja.
rom,Bešes korkořo?
rom,Bešav korkoři.
rom,Bešav muře phurensa.
sna,Kamba hadzina mazino.
sna,Burj Khalifa ndicho chivakwa chihombe pasirose.
sna,Ndichamugochera nyama.
sna,Ndichagocha nyama.
sna,Anoda nyama.
sna,Anoda dovi.
sna,Ndichagadzira dovi.
sna,Ndichamugadzirira dovi.
sna,Tichavatengera parafini.
tgl,"Siya'y mahirap, pero wala siyang pakialam sa pera."
tgl,Ang pulis ay nagpoprotekta sa testigo.
tgl,Huwag paghaluin ang negosyo na may kasiyahan.
tgl,Paano kung talagang alam na niya ang lahat ng bagay?
tgl,Hanggang tatlong kilometro ang papunta doon.
tgl,Naghingi siya ng maraming pera.
tgl,Nagtitinapay at kape si Juan sa kusina.
tgl,Nagkekeso at tinapay si Jenny sa kusina.
tgl,Nagmamantikilya sa tinapay si Quincy.
tso,Tintanghu ti kwihi?
tso,Hi mina Tom.
tso,Vito ra wena u mani?
non,Em ek svangr.
non,Ek vinn.
toki,ni li pona tawa mi: mi utala toki ala tawa jan Ton.
afb,شخبارك؟
afb,شخبارج؟
afb,شو اسمك؟
afb,شو هذا؟
afb,توم مش كبير في السنّ.
afb,أي ساعة؟
afb,المحاولة شيء جميل حقآ
afb,انا ذاهب الى المدرسة
afb,انا ذاهب الى المعمل
hye,Հիվանդանոց կգնամ։
hye,Թեյարանն ունի կանաչ սեղաններ։
hye,"մեկ, երկու, երեք, չորս, հինգ, վեց, յոթ, ութ, ինն, տասն։"
hye,Կրիաներն ատամներ չունեն:
hye,Թոմը շատ ինքնամփոփ մարդ է:
hye,Եկեք փորձենք:
hye,Դաշտի տերերը հաղթեցին:
hye,"Սա հյուրանոց է, այլ ոչ թե հասարակաց տուն:"
hye,Արի երկար-բարակ չխոսենք ու գործի անցնենք:
iba,Aku sayau ka nuan.
iba,"Apai kami di serega, kudus mih nama nuan, datai mih perintah nuan, jadi peneka nuan, baka ka dalam serega bakanya dalam bumi. Meri ka kami pengidup tiap ari. Ampunka penyalah kami, baka ka kami ti ngampunka urang ti salah ngelaban kami. Intu kami ari penguji, lepas ke kami ari penyai. Laban nuan ti bempu perintah,enggau kuasa enggau mulia. Dataika belama - lama iya. Amin."
iba,"Peda kita burung. Sida nadai betanamka utai, nadai ngetau, tauka besimpanka utai dalam setor, tang taja pia, Apai kita ti di serega nupi sida! Kati kita enda berega agi ari burung?"
iba,Nama berita nuan?
iba,Sapa nama nuan?
iba,Berapa rega utai tu?
iba,Selamat datai!
iba,Ari ni penatai nuan?
iba,Semua urang diadai bebas enggau samarata ari segi pemulia enggau hak-hak. Sida empu pemikiran enggau perasaan ati enggau mesti bertindak antara siti enggau bukai dalam semangat persaudaraan.
khm,សូម​អត់​ទោស​ដល់​អ្នក​ទាំង​នេះ​ផង ដ្បិត​គេ​មិន​ដឹង​ជា​គេ​ធ្វើ​អ្វី​ទេ ។
khm,ជឿមិនជឿស្អីចិត្ត។
khm,នេះជាប្រភេទការងារដែលខ្ញុំពេញចិត្តបំផុត។
khm,គ្មានតអី្វទេ។
khm,ទំនុកទុកចិត្ត វាពិបាកកសាង តែងាយស្រួលបំផ្លាញ។
khm,លីលានជា គឺជា​តារា​ភាពយន្ត​ចិន ។
khm,អា៎នេះពិបាក។
khm,ថម អត់បារម្ភរឿងចំណាត់ថ្នាក់គាត់ទេ។
khm,ថម អត់ខ្វល់អំពីចំណាត់ថ្នាក់គាត់ទេ។
lat,Duas filias habent.
lat,Patris meus est.
lat,Septem filios habet.
lat,Patris amicus est clarus fabulator.
lat,Tres milia passuum distat schola usque domum meam.
lat,Autocinetum est.
lat,Nautica pyxis ad septentriones ostendit.
lat,Is bonus magister erit.
lat,Pulchram filiam habet.
lfn,Un otra mundo es posible.
lfn,Ун отра мундо ес посибле.
lfn,Me ave un peten lenial.
lfn,Ме аве ун петен лениал.
lfn,Libri Filastin!
lfn,Либри Филастин!
lfn,Cuanto dies on ave en la semana?
lfn,Куанто диес он аве ен ла семана?
lfn,Cuanto dies la semana ave?
ltz,D'Burj Khalifa ass derzeit den héchste Wollkekrazer vun der Welt.
ltz,Stell d'Këscht hei an den Eck!
ltz,Hues du mäi Mail scho kritt?
ltz,Nenn mer dräi amerikanesch Presidenten!
ltz,Et sinn Inselen an deem Mier.
amh,በሒሳብ በጣም ጐበዝ ነው።
amh,ባለፈው ሳምንት ከአሜሪካ አንዳንድ ማስታወሻ ላኩለት።
amh,ተቈጥቼ ነበር።
amh,ጤናማ ልጅ ነበርኩ።
amh,ምንም አያውቁም።
amh,የት መብላት ተፈልጋለህ?
amh,በውነት ያስፈራል።
amh,ቶም ብዙ ጊዜ ከውሻው ጋር ይናገራል።
amh,ዘግይቼ እትምሀርት ቤት ምን ጊዜም አልደርስም።
asm,কি কৰি আছা?
asm,মই চিগাৰেট খাব পাৰোঁ নে?
asm,তোমাক মেছেজ এটা দিবলৈ মোক কোৱা হৈছে।
asm,"কেনেকুৱা চলি আছে, ৰঙালাও?"
asm,মই আৰু কাজিয়া লাগিব নোৱাৰোঁ।
asm,সিহঁতে কাজিয়াটো শেষ হোৱা বিচাৰিছে।
asm,মোৰ কোনো সঁচা পছন্দ নাই।
asm,১৯৫৭চনত ছোভিয়েট ইউনিয়নে লাইকা নামৰ এজনী কুকুৰক মহাকাশলৈ পঠাইছিলে।
asm,তুমি সদায় পঢ়িব লাগিব।
bho,तेहरान कहां ह?
bho,हमरा का?
bho,अमेरिका में अंग्रेजी बोलल जाले।
bho,मेक्सिको में स्पैनिश बोलल जाले।
bho,फ्रांस में फ्रेंच बोलल जाले।
bho,सिंगापूर में अंग्रेजी बोलल जाले।
bho,आस्ट्रेलिया में अंग्रेजी बोलल जाले।
bho,काटालान आन्डोर्रा में बोलल जाले।
bho,नाशी भाषा चीन में बोलल जाले।
ina,"Januario, februario, martio, april, maio, junio, julio, augusto, septembre, octobre, novembre e decembre es le dece-duo menses del anno."
ina,"Le quatro stationes del anno es primavera, estate, autumno e hiberno."
ina,Uno non debe facer le mal pro attinger le ben.
ina,Toto lo que vermente me pertine io porta con me.
ina,Necun homine honeste subito deveni ric.
ina,Il non es bon que le homine vive sol.
ina,"Tote illes qui prende le gladio, per le gladio illes perira."
ina,"Tote illes qui vulnera con le gladio, per le gladio illes perira."
ina,Io solmente sape que io sape nihil.
mya,ဘ၀ ဆိုတာ ဘာလဲ
mya,ကျွန်တော်တို့ အိမ် ဘာဖြစ်လို့ မရှိဘူးလဲ။
mya,အဲဒါက မင်းထင်သလောက်လည်း ကြောက်စရာမကောင်းပါဘူး
mya,မျောက်တွေက ငှက်ပျောသီးကြိုက်ကြတယ်။
mya,တွမ် ငှက်ပျောသီးကြိုက်တယ်။
mya,မေရီလည်း ငှက်ပျောသီးကြိုက်တယ်။
mya,အဲဒါက မင်းထင်သလောက် ကြောက်စရာမကောင်းပါဘူး။
mya,မင်းဥယျာဉ်ထဲက နှင်းဆီပန်းတွေ ဘယ်တော့ပွင့်မှာလဲ
mya,မင်းဥယျဉ်ထဲက နှင်းဆီပန်းတွေ ဘယ်တော့ပွင့်မှာလဲ
oci,Li demandèt ont viviá.
oci,Mos fraires avián uèi de convidats.
oci,Tòm vòl que l’ajudi.
oci,Lo faguèri pas solèt.
oci,Aquò’s nòstre.
oci,En vòli mai.
oci,Veni d’acabar d’escriure la letra.
oci,"Vaqui moun secrèt. Es proun simple: se vèi bèn qu'emé lou cor, l'essenciau noun se pòu vèire emé lis uei."
oci,Vai te'n cagar!
srd,Custa est mea sorre
srd,Tue s’arena mia. Deo sa unda tua. Su suore est mare pro nois.
srd,Su pugione est in su chelu.
srd,Bene bènnidos a Tatoeba!
srd,Bene bènnidas a Tatoeba!
srd,Bene bènnidu a Tatoeba!
srd,Bene bènnida a Tatoeba!
srd,Benènnidos a Tatoeba!
srd,Benènnidas a Tatoeba!
tpw,Pá.
tpw,Eẽ.
tpw,Hẽ!
tpw,E-kûãî!
cbk,Ta usa tu mga aretes caro.
cbk,Un masajista yo.
cbk,Ya esribi le cunel palabra.
cbk,Ya cindí un candela si Cecil.
cbk,Ya dejá yo de mío llave junto na de mío pitácâ.
cbk,Ya visitá yo cun Nara.
cbk,No quiere yo man cuento sobre de mio hijo.
cbk,Hindé yo ta ablá que andá tu solo solo.
cbk,"Masquín cosa tu ablá, ay hindé yo cambiá de mio pensamiento."
enm,"Denove, saluton."
enm,"Oure fadir þat art in heuenes, halwid be þi name."
enm,Min sword is min lif.
enm,"Oon, two, thré, fowre, five, syxe, sevene, eighte, nyne, ten."
enm,In the bigynnyng God made of nouȝt hevene and erthe.
enm,"Oure fadir that art in hevenes, halewid be thi name; thi kyngdoom come to; be thi wille don, in erthe as in hevene. Ȝyve to us this dai oure breed over othir substaunce, and forȝyve to us oure dettis, as we forȝyven to oure dettouris; and lede us not in to temptacioun, but delyvere vs fro yvel. Amen."
enm,At nyght was come into that hostelrye wel nyne and twenty in a compaignye.
enm,Me thynketh it acordaunt to resoun.
enm,"A knyght ther was, and that a worthy man."
hak,你朝晨頭食麼个？
hak,食飽吂？
hak,我愛爾。
kxi,Mabuliyan ku buk itu.
lit,Aš nemėgstu varnų karksėjimo.
lit,Danguje skraido dvi varnos.
lit,Kieno šis dviratis?
lit,Jie slaptai susituokė.
lit,Jie susituokė.
lit,Tomas ir Merė susituokė.
lit,Vėl?
lit,Vėl lija!
lit,Vėl tu?
pam,Maragul ya!
pam,Inumán me ing panúlu.
pam,Iní ing tútukî!
pam,Núkarín ka mintá?
pam,Núkarín ya makátuknáng i Tom?
pam,"Salámat king páyu, Tom."
pam,Salámat king kékang pamálak.
pam,Sabyán mu kang Tom papuntá ne i Mary.
pam,Abáyan me i Tom kéning kwártu.
pus,د خلیفه برج د نړۍ تر ټولو هسکه ودانۍ ده.
pus,لنده دا چه مسافر او مېلمه فرق سره لری.
pus,لکه چه ته هم غواړې چه تریسا ته یې واخلې.
pus,ښایی چه د یو بل مخ یې هیڅ نه وی لیدلی.
pus,زه شاګرد يم.
pus,ښې چارې!
pus,څنگه يې؟
pus,ستا نون څه؟
pus,تشناب چ ېرې دي؟
sqi,"E la pirg e vrau, e la thes në tokë."
sqi,Pse nuk vjen në shtëpinë time të luash në piano?
sqi,Pse nuk vjen në shtëpinë time të luash pianon?
sqi,Tomi arriti herët këtë mëngjes.
sqi,Paraja flet.
sqi,"Biftek, ju lutem."
sqi,"Biftek, të lutem."
sqi,Provove.
sqi,Dua të di ku ke qenë.
tah,Haere tatou!
tah,Manuia!
tah,Ia ora na!
tah,E aha tō 'oe huru?
tah,Maita'i roa!
tah,Māuruuru!
tah,Māuruuru roa!
tah,E!
tah,E'ita!
tzl,Téu 25 ars.
tzl,Téu 45 ars.
tzl,¡Bun-escasença!
tzl,¡Azul!
tzl,¡Encantat!
tzl,¡Díeu t'alegra!
tzl,Üc.
tzl,¡Üc!
bcl,Maugmang Panggarabusang Aldaw nin kababaehan!
bcl,Dagos tabì sa Tatoeba!
bcl,Bikolano ako.
bcl,Maboot ako.
ewe,Klowo metoa aɖuwo o.
ewe,Aɖaŋuɖemɔ la le yeye.
ewe,Ðe wo sesena nawo be nase nusi nyɔnuwo kple ɖeviwo gblɔa na woa?
ewe,Na be mia nye hɔ nyuitɔwo xeyi mavɔme.
ewe,Ðoɖui ɖito si le teƒe gbadza maɖo liƒo siawo dzia ŋɔ nam.
ewe,Amedzro ɖeɖe ko wo nye nam.
ewe,Wo menya be yapantɔ menye o.
ewe,Esée be naɖe nɔ yeƒe afɔ liam.
ewe,Nukata nyasiawo dzɔna esime nyeme nɔa anyi o ma hã?
gbm,डारा न।
gbm,मि तै तुम पर गर्व च।
gbm,मि तै भूक लगीं च।
gbm,मि तै एक कप कॉफी द्या।
gbm,तैयार व्हे जावा।
gbm,जरा ठैरी जावा।
gbm,वापिस आ जावा।
gbm,इनै आवा।
gbm,इनै आवा!
isl,Heilbrigð sál í hraustum líkama.
isl,Mörg hér um bil sjö þúsund tungumála heimsins eru einungis töluð af örfáum manneskjum og eru í útrýmingarhættu.
isl,Mörg hér um bil sjö þúsund tungumála heimsins eru einungis töluð af örfáum hræðum og eru í útrýmingarhættu.
isl,Vertu blessaður.
isl,Vertu blessuð.
isl,Verið þið blessuð.
isl,Bless í bili.
isl,Allavegana.
isl,Alla vegana.
mah,Ej ṃõḷo.
mah,Ej ṃõñā.
mah,Ej rit.
mah,Enaj ṃõkaj.
mah,Ear etal.
mah,Ej eṃṃan.
mah,Ej bwil.
mah,Ij itok jen Amedika.
mah,Ij riit.
mnw,တင္ဂုဏ္ရ က ေပါတ္ ကု္ တဲ ေကာန္ အဲ ဂွ္။
mnw,အဲ အာ ဘာ မ ဂြံ ဗ ေတာန္ လိက္ ရ။
mnw,အဲ သိုက္ ေတွ္ ကု္ မာန္ ရ။ ဟြံ သိုက္တုဲ ဟြံကု္မာန္ ရ။
mnw,"တင္ဂုဏ္ရ။ ""ဂြံမံင္ရ။"""
mnw,အာမံင္အလု ံ္ေရာ၊ အပါ။
mnw,ဂြံဆုၤ ္ဗုီဏအ္ဂွ္ မိပ္ေကြံေကြံရ။ မံင္စမိပ္မံင္ရဟာ။
mnw,အဲမိက္ဂြံေဗၱာန္။
mnw,ေဗွ္မုပမံင္ေရာ။
mnw,အဲဗျဵုပုၚ်ကွေံ၊ အဲဟွံဂွံစပုၚ်ဏီပုဟ်။
ngu,Nejua nitlacuaznequi cuanacatl.
ngu,Tejua tichanti huejca.
ngu,Nejua nimachti nosihuaconeu quen tlacuijlos.
ngu,Nejua niquincajua noconehuan pampa xnechtlacamati.
ngu,Nejua niaz nicpalehuiz notajtzin can tequititica.
ngu,Tejua otichiu amo cuajli.
ngu,"Tejua titlatzotzona motlatzotzotzin, chica?"
ngu,"Amo tiquelnamiqui, Xqueman niquelcahuaz."
ngu,Tejua tipaqui ihuan motequiu nican ipan tequicajli?
pes,من خیلی آسان به گریه کردن می‌افتم.
pes,او یک خوره کتاب (عاشق کتاب) است.
pes,تو یک خوره کتاب هستی.
pes,جودی به من خندید.
pes,در موقعیتی نیستم که به تو کمک کنم.
pes,در وضعیتی نیستم که احساساتم را بیان کنم.
pes,تو تصمیم می گیری، که آیا ما به آنجا برویم یا نه.
pes,به هر اندازه که نیاز دارید به شما وقت خواهم داد.
pes,اهل کجای کانادا هستی؟
rue,"Мэри вернула мне все деньги, которые была мне должна."
rue,Можем видзиц винску карту?
rue,Джон ше ужерал на слику.
rue,То досц розгнївало Тома.
afh,Kinga yɛ tɛ wu.
afh,Elɛ liɔsopa ta.
afh,Ela liɔsopa tɛ.
afh,? Wurejo fɛna.
afh,? Kurejo fɛna.
afh,? Furejo fɛna.
afh,Kɛ kara.
afh,! Sua harakaa.
afh,! Sua harakalo.
afr,"Dit was 'n vogtige, grou somer dag aan die einde van Junie."
afr,Sy het haarself vermoor.
afr,Sy het selfmoord gepleeg.
afr,Hy het nie jammer vir my gevoel nie.
afr,Die fabriek produseer speelgoed.
afr,Wie besit hierdie lorrie?
afr,Ekskuus tog?!
afr,Verskoon my?!
afr,Blitsvinnig!
ces,Za jakým účelem to potřebujete?
ces,"Kde je Tom, když je ho potřeba?"
ces,"Kde je Tom, když ho potřebuješ?"
ces,Hodiny se zastavily. Potřebujou novou baterii.
ces,"Potřebuješ trochu odvahy říct, že ho miluješ."
ces,Nemusíš napsat víc než 400 slov.
ces,Potřeboval si odpočinout.
ces,Londýn je hlavní město Anglie.
ces,Bern je hlavní město Švýcarska.
hsn,我不晓得。
hsn,你要哦改咯？
hsn,你叫末子名字咯？
hsn,你到哪里克咯？
kaa,Tatoebag'a xosh keldin'!
kaa,Tatoebag'a xosh keldin'iz!
pag,Anto?
pag,Andi!
pag,Masantos ya labi!
pag,Mansasalita kay Ingles?
pag,Anto man?
pag,Antoy ngaran mo?
pag,Anto ya?
pag,Ambetal.
pag,Siopa?
quc,¿La utz awach?
quc,¡Saqarik!
quc,¡Maltyox!
quc,¿Jawje’?
quc,¿Jasche?
quc,¿A utz uwach ri anan?
quc,¿A utz uwach ri atat?
sag,Singîla !
sag,Ïrï tî mbï Tom.
sag,Nzàrà à sârà mbï !
sag,Wâ à sârà mbï.
sag,Ïrï tî mo nyen ?
sag,Balaô!
sag,Nzönî gango na Tätôëbäa!
sag,Mbï yeke kôlï.
tel,సమయం ఎంత అయ్యింది?
tel,నువ్వు ఎప్పుడైనా పారిస్ వెళ్ళావా?
tel,నాకు ఏమీ అవసరంలేదు.
tel,అతడు స్త్రీలాగా వస్త్రాలను ధరించాడు.
tel,దయచేసి ఇంకొంచం కాఫీ ఇవ్వరా.
tel,ఆది ఒక పార్టీ.
tel,అరటిపళ్ళు రుచికరంగా ఉంటాయి.
tel,నేను ఈదటం ఎంతో తొందరగా మొదలుపెడతాను.
tel,నన్ను పలకరించినందుకు కృతజ్ఞతలు.
tzl,T'améu.
uzb,Kitoblar qayerda?
uzb,Suv ichaman.
uzb,Sizni tushunmayman.
uzb,O'tgan kecha menga telefon qildingmi?
uzb,Nimaga ishonasan?
uzb,Nimaga ishonasiz?
uzb,Siz mening qushlarimni ko'rmadingizmi?
uzb,Sen mening qushlarimni ko'rmadingmi?
uzb,Mening qushlarimni ko'rmadingizmi?
ara,تستطيع معالجة السرطان اذا أكتشف في المراحل الأولى.
ara,مرض السرطان هو عدو البشريه الأكبر
ara,الفندق الذي نزلنا به مريح جداً.
ara,كان بيل في اليابان.
ara,لنتخيل أننا مخلوقات فضائية.
ara,لنتظاهر بأننا مخلوقات فضائية.
ara,لم أعرف كيف أجيب على سؤاله.
ara,يهاجر البجع من هنا إلى فلوريدا.
ara,اِبقَ هادئاً عند شرح الدرس.
arq,ما نخافش مالرتايل.
arq,نقدر نشرب جغمة مالشراب ديالك؟
arq,راك متأكد بلّي توم ماشي هو اللي دار هاذ الشي؟
arq,باغي تقول بلّي نتا ما كتبتش هاذا؟
arq,بوسطن ماشي كيما شيكاڤو ڤاع.
arq,.Busṭun maci gaɛ kima Cikagu
arq,بوسطن ماشي ڤاع كيما شيكاڤو.
arq,رجّعلي سْتِيلُويَا.
arq,اللي راه باغي يجي راه معروض.
cmo,មាច់កាប់គ៝ប់។
cmo,ព្យាង់ខែតហើយ។
cmo,គ៝ប់ងក្រីត ថ៝ម។
cmo,លិចគែសអោស។
cmo,លិចគែសទាក។
cmo,ម្វាយ ឞារ ពែ ព្វាន់ ព្រាម់ ព្រាវ ពើស ផាម ឆឹន ជឹត។
cmo,លេងលាង!
cmo,ញជ្រាង់!
cmo,ឞ្រើលងាន់!
dng,Xуан-ин чинлэ Татоэба!
dng,Вә бәщён чў щүәтон.
dng,Вә бущихуан кафый.
dng,Нисы сый?
dng,Вәсы тракторист.
dng,Вә мәю гу.
dng,Вә мәю мо.
dng,Вә чў гунүан.
dng,Вә җё джэк.
egl,A 'gh vôl 'd'la pasiĵnsia!
egl,A 'gh vôl pasiĵnsia.
egl,Cme as dis...?
egl,Cme as dis?
egl,Al manca un curtèl.
egl,L'è mìa mej d'un lêder.
egl,Al còsta dû euro.
egl,Irene bsa un quintêl.
egl,Csa fê-t st'istê?
frm,"Un, deus, trois, catre, cinc, sis, set, uit, nuef, dis."
frm,Mon espee est ma vie.
frm,Je vueil sçavoir quant s'en va le conseil commencer.
frm,Tom veult estre fort.
frm,Elle lui baisa la joe.
frm,"Et soubdain, en plain cuer de la nuit, vint a mes oreilles ung son cler, retentissant et non confundable."
frm,Les asnes sont gris.
frm,Elle ne soupe point.
frm,« C'estoit vostre ydee. » « Je le sçay. »
ldn,Báa násholan ne?
ldn,Thom wothalehal wowith wa.
ldn,Thom wothal wohu wa.
ldn,Di le shadonenal wa.
ldn,Yide rul letho wa.
ldn,Eril ham ra with miwitheha wa.
ldn,Eril ham ra with miwitheha wáa.
ldn,Ne wothal worul wa.
ldn,Melaya luhili letha i netha; hesho ra letha wi.
lou,Mo gin va a l'twalet-la.
sah,Кыра оҕо дьиэҕэ кэлбитэ дуо?
sah,Миэхэ телефоннаабыт.
sah,Ол сидьиҥ куобах этэ.
sah,Бу саҥа хаартыска дуо?
sah,Иллэҥ буоларбын билбэтим.
sah,Онуоха дылы микрофон тоҕо эрэ үлэлээбэт этэ.
sah,Аныаха дылы микрофон тоҕо эрэ үлэлээбэт этэ.
sah,Манна көмпүүтэрдэр баар.
sah,Манна кинигэлэр баар.
sco,A gied him twa pund.
sco,A wee drap ile and a wee bit breid.
sco,"Na, it wisna you A wis talkin tae."
sco,Whit's thon ?
sco,Whit like
sco,Jist rare.
ang,"Þa on þam þriddan dæge, þa hie þa dune gesawon þær þær hie to scoldon to ofsleanne Isaac, þa cwæð Abraham to þam twam cnapum þus:"
ang,"Anbidiað eow her mid þam assum sume hwile. Ic and þæt cild gað unc to gebiddenne, and we siððan cumað sona eft to eow."
ang,"Abraham þa het Isaac beran þone wudu to þære stowe, and he self bær his sweord and fyr."
ang,Isaac þa ascode Abraham his fæder:
ang,"Fæder min, ic ascie hwær seo offrung sie; her is wudu and fyr."
ang,"Him andwyrde se fæder, 'God foresceawað, mine sunu, him self þa offrunge.'"
ang,"Hie comon þa to þære stowe þe him gesweotolode God, and he þær weofod arærde on þa ealdan wisan, and þone wudu gelogode swa swa he hit wolde habban to his suna bærnette siððan he ofslægen wurde."
ang,"He geband þa his sunu, and his sweord ateah, þæt he hine geoffrode on þa ealdan wisan."
ang,"Mid þam þe he wolde þæt weorc beginnan, þa clipode Godes engel arodlice of heofonum, 'Abraham!' He andwyrde sona."
bak,Халыҡ-ара ҡатын-ҡыҙҙар көнө менән!
bak,"Ҡатын алһаң — ҡотон ал, йылҡы алһаң — йәнен ал."
bak,"Уйынсының бер генә шашкаһы һәм дамы ҡалмаһа йәки улар бикләнеп ҡуйылған булһа, ул уттарҙы тигән һүҙ."
bak,"Шашкадарҙы төрлө юлдар менән һуғып булған осраҡта, уйынсы ҡаршы яҡтың иң күп шашкаһын — ябай шашкадарҙымы, дамҙарҙымы — һуға торған йөрөштө һайлап алырға тейеш."
bak,"Торбаһы ҡыйыш, төтөнө шыйыҡ."
bak,Бында эсә алмайһың.
bak,Томның бай булғанын төшөндөм.
bak,Оседжи теле менән таныш һуңгы кеше ике мең бишенсе йылда вафат була.
bak,Ташбаҡаларның тештәре юҡ.
bod,ཁྱེད་རང་སྐུ་ཁམས་བཟང་ངམ།
bod,ང་ཚོའི་ངོ་ཤེས་པ་དེ་ཕ་རི་སི་ལ་འབྱུང་མ་སོང་།
bod,ང་ཚོ་ལོག་འགྲོ་དགོས།
bod,མོའི་ལག་པ་ལ་ཅི་ཞིག་འདུག།
bod,འདིར་རྐྱལ་རྒྱབ་ཆོག་གི་མ་རེད།
bod,མོ་རང་གི་སེན་མོ་དམར་མོ་རེད།
bod,ཏོམ་པགས་པ་ནག་པོ་འདུག།
bod,ང་ཚོའི་ལས་ཁུངས་ལ་ཐ་མག་མ་འཐེན་པའི་ཁྲིམས་སྲོལ་ཅིག་ཡོད་རེད།
bod,ཁྱེད་རང་ག་རེ་བྱས་ནས་རླུང་ལང་སོང།
cat,Benvingut a Tatoeba.
cat,Benvinguda a Tatoeba.
cat,Qui són aquestes persones?
cat,El seu pare es japonès.
cat,Tu coneixes al senyor Brown?
cat,El món és un lloc perillós.
cat,Sempre n'hi ha molta gent a la biblioteca.
cat,L'esmorzar es l'àpat més important del dia.
cat,Pare és una bona persona.
cmn,脚踏两条船，必定落空。
cmn,我从来不认为安逸和享乐是人生本来的目的。
cmn,我選這個主題是因為我覺得它很有意思。
cmn,這是一個東方的概念，用西班牙語不太好解釋。
cmn,我很喜歡看韓國的電視劇。
cmn,那猫没死。
cmn,我曾经在波士顿上学。
cmn,晚餐准备好了。
cmn,请好好的把我的话给听完。
dtp,Otumbayaan ku diya.
dtp,Siongoi oku patai maya di Getter Jaani.
dtp,Olombon oku kopio.
dtp,Nokuro?
dtp,Moi oku odop no koti.
dtp,Haro no korita nu?
dtp,Kosorou ko' nangku doho?
dtp,Mugad oku do baino.
rue,Остало там дакус меса.
rue,Наютре Крачун.
rue,То кнїжка.
rue,То тека.
rue,То стол.
sot,Burj Khalifa ke mohaho o motelele ka ho fetisisa lefatséng.
sot,Burj Khalifa e sa le ona feela mohaho o motelele ka ho fetisisa lefatséng.
tat,Täwbä qılu saflanu kamil bulğan mizgeldä başlana.
tat,"Наполеонның да, мистер Пилкингтонның да өстәлгә берьюлы карга уен тузын ыргытуы бу дулкынлануга сәбәп булды шикелле."
tat,Кайчан керешәбез?
tat,Кайчан тотынабыз?
tat,Кайчан китәбез?
tat,Мария әтисен шәһәр идарәсендә эшли дип әйтте.
tat,Мәхәббәт көне — Гөрҗистан Республикасындагы дөньяви бәйрәм.
tat,Мәхәббәт көне ел саен 15 апрель көнне билгеләп үтелә.
tat,Мәхәббәт көнен билгеләп үтү Гөрҗистанның тамаша эшмәкәрләре инициативасына бәйле.
tly,Bə mı ağıl mədə!
tly,Az ıştı hamsüəm.
tly,Mınış jəşe.
tly,Əv vişədə azmiş bə.
tly,Akış karde.
tly,Həşi bebəşe.
tly,Ali məktəbış sə ka.
tly,Penə anq dijəydə.
tly,Jinə anq dijəydə.
udm,Ӟечбур.
udm,Ӟечбуресь.
udm,Выль ӵукнаен!
udm,Ӟеч нуналэн.
udm,Бур ӝытэн.
udm,Бур ӵукнаен.
udm,Кыӵе ужъёсты?
udm,Кызьы улӥськоды?
udm,"Тау, номыр ӧвӧл!"
yue,你冇話到俾其他人聽㗎可？
yue,我淨係同咗你講咋。
yue,我冇話到俾其他人聽。
yue,你係咪嚟㗎？
yue,你嚟唔嚟㗎？
yue,你嚟唔嚟嘅唧？
yue,咁你啫係嚟唔嚟嘅唧？
yue,我去嗰幾間書局全部都冇我想要嗰本書。
yue,我心情好靚。
dtp,"Nunu komoyon ""Tatoeba""?"
fuc,Yalla qokkur ɓe jam!
fuc,Henndu no waɗii.
fuc,Miɗo jaangaa.
fuc,Miɗo ngulaa.
fuc,Jaangol waɗii.
fuc,No jaangini.
fuc,No wuli.
kha,Nga hap ban leit sha ka painkhana.
kha,Nga don u paralok.
kha,Nga don ka paralok.
kha,Nga don i paralok.
kha,Kumno phi tip u Tom u don hangto?
kha,Kumno me tip u Tom u don hangto?
kha,Balei?
kha,Baleh aiu?
kha,Ka dukan ka khang lashai.
lvs,Tomo spektos.
lvs,Toms nekad nav bijis jauns.
lvs,Tās bija vecās labās dienas.
lvs,Tomam bija pašas absurdākās idejas.
lvs,Jauns un šarmants džentlmenis piedāvāja man konfekti.
lvs,Šis stāsts ir vecs kā pasaule.
lvs,Marijai bija gripa.
lvs,Lūdzu nerunājiet par Krievu kartupeļu salātiem! Esmu ļoti izsalcis.
lvs,"Vai man vajadzētu nogriezties pa kreisi, pa labi, jeb doties taisni?"
nan,Lèu kiá dịgŏ?
nan,Lèu miān mitgāi?
nan,Uà sí Diōjiunāng.
nan,Lèu gāi dịdiang?
nan,Kuăilāk sí mitgāi?
nan,Dó Hānggok nạng dăn mitgāi uẹ?
nan,厝漏閣抵著透暝雨。
nan,我昨暗睏十一點鐘久。
nan,阮阿叔有去過芬蘭。
nds,Ik wull danzen.
nds,Ik äät keen Fisch.
nds,Ria hett en Bammel vör Hunnen.
nds,Ria wöör krank.
nds,Ria wahnt in Kairo.
nds,Wi vertellt us oft Geschichten.
nds,"Jo, Tom, du hest woll recht."
nds,Ria teek en Huus un en Boom.
nds,"Tom sä, Ria harr toveel to doon, üm us to helpen."
ota,ظلمیله آباد اولانڭ آخری برباد اولور.
ota,آدم قوتلو در.
ota,او بر صندالیه در.
ota,او بر قوش در.
ota,چوجقلر حياتمزڭ چيچكلرى در.
ota,وقت ناكیتدر.
ota,اصالت بویده دگل صویده، اینجه لك بلده دگل دیلده، طوغریلق سوزده دگل اوزده، گوزللك یوزده دگل یوركده اولور.
ota,موتلو بر قیز دگلدم.
ota,قیزده بونی گوردی.
sme,"Bill, jus don boađát mu fárrui, don nai govddut."
sme,Mus leat ollut girjjit.
sme,Son ráhkista nieiddaid.
sme,Oidnen maiddái Niillasa.
sme,Oidnen maid Niillasa.
sme,Goas don fas boađát?
sme,Moai goasii báziime busses
sme,Danne mon ráhkistan du
sme,Muhto manne?
uig,كىم ئىكەن دېسەك، سىز ئىكەنسىز_دە!
uig,مەن ئۇنىڭ پاقا يەيدىغانلىقىنى ئاڭلىدىم.
uig,ئۇ قاراڭغۇلىقتىن پايدىلىنىپ قاچماقچى بولدى.
uig,ئۇ لۆڭگىدە ھۆل چېچىنى سۈرتتى.
uig,سەن ماڭا تولىمۇ ئاق كۆڭۈللۈك قىلدىڭ.
uig,ئازىراق خاتالىقنى ھېسابقا ئالمىغاندا ،ماقالىڭىز ئېسىل چىقىپتىكەن.
uig,ئامالنىڭ بارىچە تېز كېلىڭ.
uig,ئۇ كەتكىلى خېلى ۋاقت بولدى.
uig,بۇ سالام خەتلەرنى قەيەردىن يوللىيالايمەن؟
urd,وہ رو پڑا۔
urd,میں اج رات کو اسے فون کروں گا۔
urd,میرے خیال سے عام زندگی جینا بہت اچھی بات ہے۔
urd,تمہارا دشمن کون ہے؟
urd,یہ کس طرح کی پنچھی ہے؟
chr,ᎭᏫᏂᏗᏢ ᏡᎬ ᏗᎦᏍᎩᎶ.
chr,ᏥᎪᏘ ᎤᏁᎦ ᎤᎵᏑᏫᏒ ᏢᏓᏥ.
chr,ᎤᏒᎯ ᎦᏓᏬᏍᎬ.
chr,ᏧᎸᏉᏗ ᏗᎧᏃᎩᏍᏗ ᎠᎩᏥ.
chr,ᎠᏂᏔᎵ ᏪᏌ ᎬᎩᎧᎭ.
chr,ᎪᎳ ᏂᏓᎦᎵᏍᏓᏂ.
chr,ᎭᏢ ᏔᏕᏠᏆ?
chr,ᎦᏍᎩᎶ ᏒᎦᏔ ᎤᏝᏅ.
chr,ᎧᏅᏑᏢ ᏩᏯ ᎠᎨᏴ.
ckt,Нымкъэв варкыт пипиӄылгыт эмнуӈкы?
ckt,Нымкъэв варкыт риӄукэт эмнуӈкы?
ckt,Ӈанӄэн ръэнут вытрэтыркын?
ckt,Миӈкы варкын тургин гыннэгран?
ckt,Тъэр турык ельаргыт?
ckt,Микынти нымигчирэтӄинэг гыннэграк?
ckt,Миӈкри нытваӄэнат ельаргыт?
ckt,Мури мытрэлӄынӈыркын ын ныӈыттыбригадагты.
ckt,Гыт мыгмъэмильигыт?
dws,n aql
dws,kytax e pred
dws,kytax e enid
dws,w do i sipo kos
dws,w do i u sipo kos
dws,j ybixy l zoes
dws,g ybixy wi zoesz
dws,c e paso
dws,j h 2 fra
hrv,"Budi pažljiva: mi pišemo narodnosti, dane u tjednu i jezike velikim slovom u engleskome."
hrv,"Budi pažljiv: mi pišemo narodnosti, dane u tjednu i jezike velikim slovom u engleskome."
hrv,"Budite pažljivi: mi pišemo narodnosti, dane u tjednu i jezike velikim slovom u engleskome."
hrv,Soba je prazna.
hrv,Koliko je sati?
hrv,On će umrijeti.
hrv,"Dođeš li u Rio, nemoj me zaboraviti zvati da ti budem vodič."
hrv,Želim dečka.
hrv,"Dobro, ti to nemaš."
kin,Abajejwe umutegano bose mu gisagara bariko barakurondera.
kin,Muri ibibondo.
kin,Urakoze!
kin,Murakoze!
kin,Naguhaye igitabo.
kin,"Mbere yuko nibagirwa, nzakubwira."
kin,"Wigira isoni, mvugisha."
kin,"Wigira isoni, nganiriza."
kin,Mbwira izina ryawe.
koi,Олат-вылат.
koi,Здорово.
koi,Бур лун.
koi,Бур асыв.
koi,Бур рыт.
koi,Кыдз ни олат?
koi,Кыдз здоровьеныт?
koi,Адззисьлытӧдз.
koi,Адззисьлытӧдз!
lzh,不知也。
lzh,孰與君少長?
lzh,何不早言
lzh,法不加于尊
lzh,今朝有酒今朝醉。
lzh,視同無物
lzh,壯士，賜之卮酒。
lzh,凡為國之急者，必先禁末作文巧。
lzh,以吾一日長乎爾，毋吾以也!
nld,"Het is altijd mogelijk om een aanzienlijk aantal mensen te verenigen in liefde, zolang er andere mensen overblijven om hun agressieve uitingen te incasseren."
nld,Hij deed al wat hij kon in het belang van zijn kinderen.
nld,Hij wijdde zijn laatste levensjaren toe aan het schrijven van zijn autobiografie.
nld,Hij negeerde me opzettelijk toen ik hem op straat tegenkwam.
nld,Ze barstte uit in tranen van vreugde toen ze het nieuws hoorde.
nld,Hij besliste te stoppen met roken.
nld,Daarover zou je gelijk kunnen hebben.
nld,Je mag altijd mijn woordenboek gebruiken.
nld,Ze waren jong toen ze trouwden.
nog,Ногайлар конакты каймак катылган ногай шай ман йолыгадылар.
nog,"Аьдеттеги шай ишилип кутылган сонь, кой эт, сорпа, ювырт дегендей аслар ман зияпетлик этиледи."
urd,زیادہ تعجب کی کیا بات ہے؟
urd,اپ کا خط اس لفافے میں ڈالیں۔
urd,ناچ نہ جانے، آنگن ٹیڑھا!
urd,ہندوستان کی تاریخ بہت پرانی ہے۔
nog,"Ногайдынъ уьйинде конакпеш (конагуьй, конак боьлме) болады."
nog,Конак оьз наьсиби мен келеди.
nog,Атанънан уьйкен конак деп айтадылар халк арасында соьлеге дейим.
nog,"Бал бар Ахмет-каяда, оннан бизге не пайда?"
nog,Ногайлар бурынъгыдан алып коьшпели болып яшаганлар.
nog,"Калаларда эм авылларда конып яшаган ногайларга юрт ногайлары дегенлер, коьшпелилерге болса, улус ногайлары деп айтканлар."
nog,Эсиклер ябылады.
nov,"Zero, un, du, tri, quar, pent, six, set, ot, nin, dec."
nov,"Mey vun regno venir; mey on fa vun volio, com in siele anke sur tere."
nov,Venir dorse bald.
nov,Kel esed mal cuniclete.
nov,Lo serchad les ye pent hores.
nov,"Esed somber nocte, ye nul lune."
nov,La donar lo horlojete.
nov,Lo promised me ke lo vud venir an quar clok.
nov,Ob vu haver programe?
roh,Sami said his house was haunted.
roh,La Lia Rumantscha è l’organisaziun da tetg da tut las Rumantschas e tut ils Rumantschs. Ella vul promover a moda durabla la lingua e cultura rumantscha.
roh,Il Portugais Vasco da Gama ha scuvert la via maritima che maina dal Portugal enturn il continent da l’Africa en l’India.
roh,Quests artitgels sa sprovan da preschentar l'istorgia da la lingua rumantscha.
roh,Spert e bain d'inrer cha vain.
roh,In ün di nu's dvainta maister.
roh,Umauns sainza umur sun erva sainza flur.
roh,Glieud ed ora as stu piglier scu cha sun.
roh,"Chi chaunta da sted, lavura d'inviern."
shy,Matta isem-nek?
shy,Matta isem-nem?
shy,A neč a ḥaṣṣleɣ-ak-t-id.
shy,Sili-yay-d aman ad sweɣ!
shy,Issily-as ad isew.
shy,Nɣ-it daxel Ibir.
shy,Ad yečat s terreṣaṣt.
shy,"Arah, ne čur senjuseɣ ca Ibir n leɛrac."
shy,A nessili-t-id.
tuk,Halkara aýal-gyzlar baýramyňyz gutly bolsun!
tuk,Sen nirede?
tuk,Pyşbagalaryň dişleri ýok.
tuk,Kitaplar nirede?
tuk,Onuň ýigrimi çagasy bar.
tuk,"Eger bir düwmä bassaň, ýa sen sagaljak, ýa sen öljek."
tuk,Tom örän ýaş.
tuk,Biz häli ýagşy.
tuk,Ol bir ýyldan gowrak wagt boldy.
bjn,Apa habar?
bjn,Ngaran ulun Tom.
bjn,"Asa, dua, talu, ampat, lima, anam, pitu, walu, sanga, sapuluh."
bjn,Tarima kasih!
bjn,Kada.
crh,Qırımda bu ayvanlar daa qıymetli sayıla ediler.
crh,Qırımda eki örkeçli develer bar edi.
crh,"Ayaqqapcılıq, tericilik ve toqumacılıq qıymetli ediler."
crh,Develerniñ yeri ayrı sayıla edi.
crh,Tatam keldi.
crh,Qartbabam keldi.
crh,Otuz yıl keçti.
crh,Qartbabam yetmiş yaşında.
crh,Onı qurşunğa tizdiler.
fin,Hänellä on outo nimi.
fin,Kuinka kauan tämä kylmä sää kestää?
fin,Minusta sinun pitäisi mennä parturiin.
fin,He haluavat auttaa meitä.
fin,Tomi tuli sisään koputtamatta.
fin,Tomi puhuu täydellistä italiaa.
fin,Siperia opettaa.
fin,Ei sisäänkäyntiä!
fin,Usko minua.
pan,ਕੀ ਤੈਨੂੰ ਪੈਸੇ ਚਾਹੀਦੇ ਹਨ?
pan,ਟੌਮ ਮੈਰੀ ਦੇ ਨਾਲ ਨਹੀਂ ਸੀ।
pan,ਓਹ ਸਕ੍ਰਟ ਲੰਬੀ ਹੈ।
pan,ਇਹ ਬਕਸਾ ਭਾਰਾ ਹੈ।
pan,ਮੈਨੂੰ ਲਗਦਾ ਹੈ ਟੌਮ ਦੀ ਲੱਤ ਟੁੱਟੀ ਹੋੲੀ ਹੈ।
pan,ਟੌਮ ਦੀ ਬਿਸਤਰੇ ਮੌਤ ਹੋ ਗੲੀ।
pan,ਤੁਹਾਡਾ ਜਨਮਦਿਨ ਕਦੋਂ ਹੈ?
pan,ਤੁਸੀਂ ਇਥੇ ਆਣਾ ਪਸੰਦ ਕਰਦੇ ਹੁੰਦੇ ਸੀ।
pan,ਬੱਤੀ ਜਗਾ ਦਿੳੁ ।
tir,ጽሟቅ ብርቱካን ብመምጸዪ ገይረ መጽየ።
tir,ጽማቕ ኣራንሺ ብመምጸዪ ገይረ መጽየ።
tir,ኩሉ ይሓልፍ፡ ፍቕሪ ይተርፍ።
tir,ካብ ዘይትፈልጦ መልኣኽ ትፍልጦ ሸይጣን።
tir,ካብ ዘይትፈልጦ ሸይጣን እትፈልጦ ሸይጣን።
tir,ከንደይ ትውደአ ስርሕካ?
tir,ኣነ ካብ ካናዳ አየ።
tir,ኣነ ተማሃሪ አየ።
tir,ንሳ እንግሊዝ ብትኽክል ትዛረብ
tlh,lotlhwI'pu' wIjey.
tlh,ghaytan yajHa'lu'pu' neH.
tlh,bop'eghbogh vum jIH 'ej Hoch jInmolmeywIjvaD pongwIj vIpong.
tlh,DaHjaj qo'Daq chalqach bu'rIj HalIyva tIn law' Hoch tIn puS.
tlh,cho'oy'moH 'e' yImev.
tlh,po jIbwIj vISay'moHbe'.
tlh,jIHvaD yInobHa'!
tlh,ba'taH loD qan.
tlh,bomtaH be'Hom Qup.
aze,Gün aydın!
aze,"Nə var, nə yox?"
aze,Hə.
aze,"Sabahınız xeyir, xanımlar vә cәnablar!"
aze,Sizә söz verirәm.
aze,Başınızdan çıxardın!
aze,Bürc Xəlifə hal-hazırda dünyada ən hündür göydələndir.
aze,Salam!
aze,Siz necəsiniz?
ksh,Sie opfert sich für ihre Kinder auf.
ksh,Nem blong mi Jack.
ksh,Watt soll dä Kwatsch?
ksh,"Et bliev nix, wie et wor."
ksh,"Et es, wie et es."
ksh,"Kenne mer nit, bruche mer nit, fott domet."
ksh,Et hät noch immer gjod jejange.
ksh,"Watt fott es, es fott."
ksh,Drinks de ene met?
kur,Min dît kuchikek sipî jump dikir ji ser dîwar.
kur,êdîhew jê hez dikim.
kur,Wî chê kir problemek.
kur,Chi buye bo ku tu dikenî wisa?
kur,Kesekî xist li derî .
kur,Di yekemîn cî de em divê bibînin rêyek der ji vê.
kur,Min dil heye baqij bikim kamera xwe.
kur,Chris kar girt wek malboyakar u karîbu peran hilîne.
kur,"Kilît di xilqê de ye, mêr got."
kzj,Ginovoon diau di Marta.
kzj,Songkuo no oubat do au zou nokokito dii.
kzj,Mositi kalati ko songkuo no agazo iti kobohingkangan dii.
kzj,Naavi no iti abaabazan.
kzj,"Titiongoi zou no, nga nohiivan ku no."
kzj,Napaasan no obingoodop ku.
kzj,"I kakadazan Tokyo nopo iho nga umohig kozo, ka dii."
kzj,Atantu no au ko tagal tumingkod diti haang.
kzj,Au oihaan i Tom do pisuvazan kol om karbon.
srp,Птица је на небу.
srp,Не судите да вам се не суди.
srp,"Ta tkanina nije iz Indije, zar ne?"
srp,Tom mi je rekao da treba da ostanem kući.
srp,Tomi je rekao da ne treba da razgovaram sa Meri.
srp,Tom mi je rekao da ne razgovaram sa Meri.
srp,Priča se da je ova kuća zaposednuta.
srp,Sedenje po ceo dan i gledanje u ekran računara je loše za tebe.
srp,Sedenje po ceo dan je loše za tebe.
tgk,Шоҳ мардуми худашро таъдид кард.
tgk,Он беш аз як сол пеш воқеъ шуд.
tgk,Баҳр ҷазираҳо дорад.
tgk,Том бисёр ҷавон аст.
tgk,Ман студент ҳастам.
tgk,"Пролетарҳои ҳамаи мамлакатҳо, як шавед!"
tgk,Дар бораи бегуноҳ будани ӯ тамоми аснодро дорам
tgk,Маймунхо боакланд.
tgk,"Агар тавонед, авфаш кунед, ӯ гуноҳ надорад."
tpi,Marija Luisa i mama bilong et pikinini.
tpi,Yu wok pinis moa olsem mi.
tpi,Pukpuk man i kaikai dok meri pinis.
tpi,Hamas tok i stap long Yurop?
tpi,Ol anis i gat ia?
tpi,Mi no gat pusi.
tpi,Mi no gat dok.
tpi,Mi no gat kar.
tpi,Mi no gat wilwil.
yid,טאם האט געהערט קומענדיגע טריט.
yid,איז דאס זיס?
yid,ווילסטו א ביסל צייט צו טראכטן וועגן עס?
yid,איך האף אז דו האסט עס ליב.
yid,ער שלאפט נישט.
yid,טאם האט געפלעגט מיר זאגן אז איך רעד צו פיל.
yid,איך האב געמיינט אז מ׳וועט זיין מער באקוועם דא.
yid,טאם איז בלינד.
yid,טאם האט געהאט פרייליכע קינדער-יארן.
zlm,Dia dah datang!
zlm,Apa kabhar?
zlm,Kat rumah ni.
zlm,Kita nak makan malam ini kat mana?
zlm,Kau pun sesak jugakah?
zlm,"Kalau kau merokok disini, pi lah luar!"
zlm,"Kalau terjatuh, pecah nanti lampu tu."
zlm,Takkan saja aku marah sangkakan semua pun saya marah juga.
zlm,"Kalau kau tak mau pinjamkan sama aku, aku pecah tu gelas!"
zsm,Saya tahu awak akan kata tak boleh.
zsm,Bukan salah saya.
zsm,Saya sibuk.
zsm,Saya cuba nak menterjemahkan dalam bahasa Melayu ke bahasa Kadazan.
zsm,"Hei, apa hal? ""Oh, takda hal."""
zsm,Aku bagilah.
zsm,Anda pasti tidak perlu skip langkah ini.
zsm,Dikatakan Tokyo adalah sebuah bandar yang sangat selamat.
zsm,Bosannya saya tertidur.
abk,Сара азба сакуеит.
abk,Сара ашә сфоит.
abk,Шьыжьбзиа!
abk,Сара акәац сфоит.
abk,Иуфазеи?
abk,Сыӡбалқәас рхы надырхәозеи аҧсуаа?
abk,Асааҭ шаҟоузеи?
abk,Иахьа шәахьоуп.
abk,Сара Лори сыхьӡуп.
ber,Mdel tawwurt.
ber,D acu ay d-nnan yeḍra?
ber,Ta ur telli ara seg leɛwayed n Tom.
ber,Yella kra ay ssefran ad t-gen azekka?
ber,Yella kra ay ssefrant ad t-gent azekka?
ber,Nezmer ad nessiwel deg Skype tameddit-a?
ber,Yella kra ay teffred fell-i.
ber,"Yella kra ay teffred fell-i, kečč."
ber,Axeddim-nsent d azriri n yinuẓar.
ext,"Cómu vá la cosa, Mike?"
ext,"Cómu andas, Mike?"
ext,"Cómu andamus, Mike?"
ext,"Cómu andamus, Tom?"
ext,"Cómu andas, Tom?"
ext,"Cómu vá la cosa, Tom?"
ext,Sí?
ext,Diga?
ext,Heu!
hau,Kule ya fito diga karkashin kujera.
hau,Yace yana jin yunwa ne kuma yanason zuwa gida don cin abinci dare.
hau,"Dawakai sunfi karnukka girma, amma kyanwowi sunfi karnukka zama kanana."
hau,Kasan abinda yakamata kayi?
hau,Kasan abinda kake bukata kayi?
hau,Barka da yamma.
hau,Ina so in sayi baƙa ne.
hau,Me yasa ba zaka sayi shuɗiya ba?
hau,Yau sanyi da sauƙi.
kjh,Хайди чуртапчазың?
kjh,Хайди чуртапчазыңар?
kjh,Хус тигірде пар.
kjh,Мин дее ӱгретӌі бін.
kjh,Іпекті чіпчем.
kjh,Син чіпчезін.
kjh,Ол чіпче.
kjh,Сірер чіпчезіңер.
kjh,Піс чіпчебіс.
mic,E’e!
mic,E'e.
mic,Kesalul.
mic,Kesalul!
mic,"Kesalul, Laurie!"
mic,Taluisi Henry.
mic,"Gwe', taluisi Tom!"
mic,Taluisi Tom.
pcd,Ch'Burj Khalifa ch'est actuellement ch'plus grande gratte-ciel dins ch'monne.
pcd,"Quan min pèr i fait del ratatoul, chest toudis mi qui toul."
pcd,Ch'étioit ech petit Frinchos qui vindot des nox al port ed teat.
pcd,J'buvos des grins verrs ed bièr.
pcd,Com quem o Tom brincou?
pcd,"Ch'n'est pas in g'va, ch'est in baudet."
pcd,I vaut miux ête sourd qu'd'intinde cha.
pcd,J'étos ichi preume.
pcd,Ch'jonnette sanne miroulle.
scn,Mi siddia.
scn,Chi su cammuriusi.
scn,Cristu arrivisciutu esti!
scn,"Oggi esti na bella iurnata, u suli è cauddu e u cielu gghiaru."
scn,"Cumpari, comu siti?"
scn,U figghiolu dissi cu tassì spariu nta nigghia.
scn,Mi fazzu a doccia na vota o' iornu.
scn,Iddu è cuntentu cu so travagghiu.
scn,Me zia avi tri picciriddi.
ton,Ko hai ho hingoá?
ton,Kātaki.
ton,Mālō ‘aupito!
ton,Mālō!
ton,Oku ke sai
ton,Oku 
ton,Oku ou 
ton,Fiefia ke fetaulaki mo koe.
ton,Fiefia ke fetaulaki mo kimoua.
yor,Agogo mejila ọsan.
yor,Mo ní ológbò méjì.
yor,Mi ò fẹ́ lọ sí ilé-ẹ́kọ́.
yor,Ta ni Emily?
yor,Ìwé kìí ṣe titun.
yor,Ó yà mí l'ẹ́nu.
yor,Ẹṣin jẹ́ funfun.
yor,Ẹṣin kìí ṣe funfun.
yor,Ẹṣin yìí jẹ́ funfun.
apc,3ende bsen w kalb. El-Bsen 2aswad w El-kalb 2abyaD.
apc,Ne7na shefna abyon elly byetir 3abra es-samaa2.
apc,Fuzna el-mobara2a.
apc,"Tnen 2ahwe ma3 7alib, men Fadlak."
apc,في علي شغل كتير .
apc,فكره منيحة !
apc,توم بيفهم اللي هي ما بتفهم.
apc,"Bes-su2 ana bashtari jibn, bashtari 7ebz, bashtari luvya w fawekih."
apc,El-bent 7elwe ktir.
crs,"Ou, nou papa ki dan lesyel, Fer ou ganny rekonnet konman Bondye."
gag,Sendä var üç kedi.
hat,M pa vlè alè nan lekòl.
hat,Ki lè li fè?
hat,Mwen pa konprann.
hat,Mwen pa konnen.
hat,"Mesi. ""De ryen."""
hat,"Kijan ou di ""Mwen renmen w"" an franse?"
hat,Kijan ou di...?
hat,"Kijan ou di ""kaisha"" an angle?"
hat,"Kijan ou di ""yuri"" an angle?"
ind,Apa saja penerbangan langsung dari Cincinnati ke Charlotte yang berangkat setelah tengah hari dan tiba sebelum pukul 7 malam?
ind,Saya mau terbang dari Miami ke Chicago menggunakan American Airlines dan tiba sekitar pukul 5 sore.
ind,Berapa kapasitas tempat duduk pesawat jenis M80?
ind,Saya harus belajar bahasa jepang.
ind,Aku belajar dengan sungguh-sungguh supaya lulus ujian.
ind,Aku belajar dengan keras untuk lulus ujian.
ind,Kamu butuh terapi.
ind,Kita sudah melakukan itu.
ind,Kami sudah melakukan itu.
jbo,ma seltoldra mi
jbo,mi na'e ckaji lo tadgri ti'u cabdei
jbo,.i mi ciska loi pemci
jbo,i ka'u lo penbi cu zmadu lo dakfu xarci lo ka vlipa
jbo,.i ri ctuca fi lo glige'a bu'u lo relcu'e
jbo,.i mi'ai nai na zvati ti
jbo,.i la lindas bazi klabart
jbo,.i ko'a ba nenri lo muzga cabycu'e lo roldjed ca lo prulamdei
jbo,mi pu cintypu'i lo vorme ku lo blanu cintu
kab,Qerriḥ?
kab,"Vava d aɣezfan, d ambuy d amesrar, m ad yemma d tawezlant, tacebḥant tarqaqt."
kab,"Suref-iyi, wi ik-ilan ?"
kab,Tettmeslayeḍ s tefransist ?
kab,Tettmeslayem s tefransist ?
kab,Nekk isem-iw Tom. Massa Fisher d weltma.
kab,Nekk xedmeɣ aked Massa Marie Fisher.
kab,Tameṭṭut adi d yemma.
kab,Tameṭṭut ihin d yemma.
kal,Qanoq-ippit?
kal,Qanorippit?
kal,Qanoq ippit?
kal,Takuss!
kal,Iluatitsilluarisi!
kal,Iluatitsilluarina!
kal,Yataroumik ateqarpunga.
kal,Suminngaaneerpit?
kal,Isertorqarpoq.
kas,Me chu naav Tom.
kas,Twahi kyah chuv naav?
kas,Bì uosus gomut garì.
kas,Bì èasìs gàmìts garì.
kas,Bì chus kuoshur.
kas,Bì chas kaeshır.
kas,Bì chus vuh vèriyun.
kas,Su chu thod.
kas,Swa cha thèz.
lzz,Sum ťeyare miğuran.
lzz,ქარტალი პჭარუფ.
lzz,გეჯგინობა!
lzz,წერილი ჭარუფს.
lzz,მა მარგალი ვორე.
lzz,მა ლაზი ვორე.
lzz,ჩქიმი ჯოხო რიკარდო რენ.
lzz,ვა მიშკუნ.
lzz,მა რიკარდო მჯოხონს.
mww,Ua tsaug ntau ntau rau lub xovtooj uas koj muab rau kuv.
mww,Nws cog lus tias nws yuav tsis tawm mus ib leeg.
mww,Nws muaj tsis tshaj ib txhiab yees.
mww,Ua tsaug koj ho pab kuv.
mww,Teb chaws Tuam Tshoj loj dua teb chaws Nyivpooj.
mww,Kuv xav tau lub ncuav mog loj tshaj.
mww,"Yog koj tshaib plab, ces noj."
mww,Kuv pawv kuv lub koob yees duab.
mww,Kuv tsis hlub koj.
nah,Calaqui tōnatiuh.
nah,"Nehhuātl nictlazohtla in centzontōtōtl īcuīcauh. Nehhuātl nictlazohtla in chālchihuitl ītlapaliz īhuān in ahhuiyācmeh xōchimeh; zan oc cencah nocnīuhtzin in tlācatl, nehhuātl nictlazohtla."
nah,¡Nimayana!
nah,¿Timayana?
nah,"¡Hua, hua, hua!"
nah,¡Chicāhuac nitequitiz!
nah,Āxcān tlālticpac in Burj Khalifa calli tlacempanahuiā inīc huehcapan.
nah,Quicuiqueh in atlatl inic tlaminaya yaoc.
nah,Inchan in ompa Huehue Mēxihco Aztlan Quinehuayan Chicomoztoc in axcan quitocayotia Yancuic Mēxihco.
nch,¿Taya itoca mohuehue?
nch,¿Quenicatsa niquijtos XXX ica holandés?
nch,"Amo, tascamati. Amo niconi café."
nch,Tlascamati techmatiltia.
nch,"Se, ome, eyi, nahui, macuili, chicuase, chicome, chicueyi, chicnahui, majtacti."
nch,¿Taya motoca?
nch,¿Quesqui xihuit tijpiya?
nch,¿Taya itoca mochichi?
nch,¿Taya itoca mosihua?
tet,Hau presija ema ida hodi koalia.
tet,Iha ema nain sanulu iha fatin ida nee.
tet,O nia oan maka ne'e Betty?
tet,O nia sepatu iha ne'e.
tet,Fo o nia osan mai.
tet,Ha'u iha uma boot ida.
tet,Ha'u iha busa rua.
tet,Bondia!
tet,Bondia.
tha,เป็นลูกผู้ชายหน่อย
tha,ออกไปหางานทำเลย
tha,เขาเป็นดีเจ
tha,ฉันเป็นตำรวจ
tha,มันคือฮาร์ป
tha,มันเป็นกฏ
tha,มันคือการหลอกหลวง
tha,1. ความหมายตรงตัว มันคือป้ายจราจร ป้ายบอกทาง 2. มันคือลางบอกเหตุ
tha,มันคือหลุมพราง
umb,Uteke uwa.
umb,Ngecele!
umb,Ngecele.
umb,Ngecele...
umb,Twecele...
umb,Twecele!
umb,Twecele.
umb,Ndinge ohenda.
umb,Ndapandula!
war,Judy valde bene saltas.
war,¿Hin-o ba hi Mona Lisa?
war,Dako gud an impluwensya han hadto nga ádlaw ha akon.
war,An tawo mayda duhá nga talinga.
war,Mayda hi kitá duhá nga talinga.
war,"Tíkang dinhi, ¿harayo bà?"
war,¿Haráyò ba itón tíkang dinhi?
war,Ikapirá nga mangulo han Pilipinas hi PNoy?
war,Ikapirá nga presidente han Pilipinas hi PNoy?
tpw,E-kûá!
tpw,Pe-kûáî!
tpw,Pe-kûá!
tpw,Xe-maenduar.
tpw,S-oby ybaka.
ukr,"Я запитав Тома, чому він ніколи не вивчав французьку."
ukr,"Я запитала Тома, чому він ніколи не вивчав французьку."
ukr,"Пастафаріанці вірять, що Всесвіт було створено Літаючим Локшинним Монстром, коли він був дуже п'яний."
ukr,Єдинороги живуть у зачарованому лісі.
ukr,Хтось говорив із Томом?
ukr,"Ми знаємо, де вона."
ukr,Чому ви пастафаріанці?
ukr,"Ти кохаєш Тома, правда?"
ukr,Ви правда кохаєте Тома?
cha,Håfa tatamanu hao?
cha,Åpmam tiempo ti hu li'e hao.
cha,Håyi nå'ån-mu?
cha,Nå'ån-hu si Jack.
cha,Taotao månu hao?
cha,"Taotao månu hao, Karen?"
cha,Ta fañocho!
cha,Buen biåhe.
cha,Mångge i kemmon?
lld,Posso prendere la parola?
lld,N corp uman mesan tegn ite assà osc per componer n ossam uman entriech.
lld,É doi giac.
lld,L davegnir partegn a chi che crea te la beleza de sies ensomesc.
lld,La jent se cruzia n muie de plu dla ebicait dò sies mort che dla ebicait inant che nascessa. Ma ela é la medema cantità dl zenza fin che slèria fora per duc i versc dal pont olache stescion.
lld,L lat l'é sconcì.
lld,Ie ne vue nia jì a scola.
lld,"Canche ie dé vèlch pabol a i purets, an me dij sènt. Canche ie domana percheche i purets ne à degun pabol, an me dij comunist."
lld,Miei mutons é te scola.
pfl,Ich nemm e Eis un e Cola.
pfl,In de Palz geht de Parre mit de Peif in die Kerch.
pfl,Demm hats als Kind in die Schees geschneet.
por,"O que começou 21 meses atrás em pleno inverno não pode terminar nesta noite de outono. Esta vitória não é, por si só, a mudança que buscamos. É apenas a oportunidade de realizarmos essa mudança. E isso não pode acontecer se voltarmos ao modo como era antes. Não pode acontecer sem vocês, sem um novo espírito de serviço, um novo espírito de sacrifício. Então convoquemos um novo espírito de patriotismo, de responsabilidade, onde cada um de nós decide pôr mãos à obra, trabalhar mais e não cuidar apenas de nós mesmos, mas também uns dos outros."
por,"E tu, o que fazes?"
por,"E você, o que está fazendo?"
por,Olho para a Melissa.
por,A mulher chama o marido.
por,"Eu torço pelo time do ""Vasco da Gama""."
por,Aqui é que os torcedores se reuniram.
por,Meu filho gosta de jogar xadrez.
por,O jogo terminou com a contagem de 3:0.
run,Amasobe yanje ntarongorotse.
run,Ndi umuhererezi.
run,Yarezwe na nyirakuru.
run,Yarerewe kwa nyirakuru.
run,Yakuriye kwa nyirakuru.
run,Yarukiye kwa nyirakuru.
run,Agiye buhoro buhoro kugira umwana ashobore gukurikira.
run,Mpamagara hagati y'isaha imwe n'isaha zibiri.
run,Natsitaye kw'ino.
sjn,Suilannad!
sjn,Meneg suilaid.
sjn,"Minnar in Ernilath rîn, erio Forodrim!"
sjn,Gîl síla na lû govaded.
sjn,Im gelir ceni ad lín.
sjn,Nin gwerianneg.
sjn,Odulen an edraith angin.
sjn,Odulen an edraith anlen.
sjn,Ú-bedin edhellen.
slk,Mam rad syr.
slk,Armáda postupovala bez odporu.
slk,Hnutie odporu dalo vela hrdín.
slk,Odpor vzduchu závisí od rychlosti.
slk,Úrazová zábrana chránil ich.
slk,V tejto ulici je aj protichodná premávka.
slk,Kvetina sa skoro vyschnula.
slk,Lekár poskytol len prvú pomóc.
slk,Vibrátor zhutní beton.
vol,Nolol das etos binom blig olik.
vol,Tikob das älogol bosi.
vol,Bog et binom gudikum ka at.
vol,El Yann fidon bodi.
vol,Tomas änedom yufi olik.
vol,Li-tikol das olik binom gudikum?
vol,Tomas no kanom kömön adelo.
vol,Kimi oseväloms?
vol,Li-äbinol domo?
ain,ウェンダラㇷ゚　ポロンノ　クコㇿ。
ain,ヌマン　クアチャポ　シタ　ホㇰ。
ain,大学生 クネ。
ain,エチセ　ポロ。
ain,クハポ　イルㇱカ。
ain,チセ　メアン。
ain,ホㇱカヌマン　レラ　アㇱ。
ain,ヌマン　ウパㇱ　アㇱ。
ain,ヘカチ　スマ　オテㇾケ。
ben,নিজে এসেই দেখুন।
ben,নিজে এসেই দেখো।
ben,নিজে এসেই দেখে যান।
ben,নিজে এসেই দেখে যাও।
ben,আমি কি একটা প্রশ্ন করতে পারি?
ben,তুমি আমার নতুন গাড়িটা ব্যবহার করতে পারো।
ben,আপনি আমার নতুন গাড়িটা ব্যবহার করতে পারেন।
ben,তুমি এবার বাড়ি যেতে পারো।
ben,আপনি এবার বাড়ি যেতে পারেন।
bvy,Apura!
bvy,Sajop.
bvy,Kusgi.
bvy,Gajud!
bvy,Hapit.
bvy,Ngano?
bvy,Pasaylo-a...
bvy,An daw nagkasakit na lat an lola...
bvy,Wayay nakasabot sa akon.
dan,Hunden sidder på tæppet.
dan,Tom har brunt hår og blå øjne.
dan,Tom har blond hår og grønne øjne.
dan,Dette bord er to meter langt.
dan,Det bord er to meter langt.
dan,Jeg hedder Ahmad.
dan,Et år består af tolv måneder.
dan,Jeg kan ikke lide hvad jeg ser.
dan,Skal vi virkelig gøre dette?
got,ЌҰЍɰЌӰЌаЌݰЌРЌܰЌаЌ߰Ѝ°ЌҰЌٰЌݡ
got,ЌװЌаЌٰЍ°Ќ߰ЍàЌܰЌ԰ЌٰЌݰЍàЌٰЍðЍĠЌ۰ЌٰЌѰЌаЌٰЌݰЍàЌܰЌ԰ЌٰЌݰЍî
got,ЌװЌаЌٰЌ۰ЍàЌаЌݰЌРЍİЌаЍİЍɰЌ԰ЌѰЌаЌ١
got,ЌװЌаЌٰЌ۰ЌРЌаЌݰЌРЍİЌаЍİЍɰЌ԰ЌѰЌаЌ١
got,ЌٰЍĠЌаЌ۰Ќ۰ЌЮ
got,ЌٰЍİЌаЍİЍàЌаЌ۰Ќ۰ЌЮ
got,ЌٰЍİЌٰЌؠЌаЌ۰Ќ۰ЌЮ
got,ЌٰЍİЌЮ
got,ЌٰЍĠЌаЌڰЍ°ЌаЌݰЌС
hun,A fiúcska nem hagyta levetni az új posztómellényt.
hun,"A vőlegény gyorsan, surranva, majdhogynem titkon settenkedett a menyasszony felé."
hun,"Minden sikerülni fog, amiképp legalábbis én elképzeltem a dolgot."
hun,A szabásminta egymást keresztező szakaszokból áll.
hun,A terv nem ígért megfogható hasznot.
hun,A kötés a sérült homlokától a tarkójáig húzódott.
hun,A fiatal férfit önfejűség és dac jellemezte.
hun,A fizikatanár egy hordozható alkalmatosságot tolt be az osztályterembe.
hun,A távolból géppuska ugatása hallatszott.
mlt,X’jismek?
mlt,Ommu titkellem bit-Taljan.
mlt,Berlin hija l-belt kapitali Ġermaniża.
mlt,Madrid hija l-belt kapitali ta' Spanja.
mlt,Jien minn Malta.
mlt,Int miġnun?
mlt,Int miġnuna?
mlt,Bonġu.
mlt,Bonswa.
nob,"Hvis du ikke ønsker en tidlig død, bør du stumpe røyken."
nob,Jeg er ikke hjemme neste søndag.
nob,Kan du gjette hvor gammel jeg er?
nob,Du har gjort det du måtte gjøre.
nob,Det har jeg aldri tenkt på.
nob,Jeg er fotograf av yrke.
nob,"Det kjemiske symbolet ""H"" står for hydrogen."
nob,"Liker du slanger? ""Selvfølgelig ikke."""
nob,"Liker dere slanger? ""Selvfølgelig ikke."""
snd,تنهنجو نالو ڇا آهي؟
snd,تون ڪٿي رهندي آهين؟
snd,عورتن جو عالمي ڏينهن مبارڪ!
swh,Sentensi hizi zote zinahitaji kikomo.
acm,لمن ابوية رجع عالبيت اني جنت دا اتفرج عالتلفزيون.
acm,صارت ربيع.
acm,فكرنا انه طبيعي لازم يتعاقب.
acm,اذا الواحد يستخدم الفلوس بحمكة يكدر يسوي كومة اشياء.
acm,اني مديون له.
acm,اللي كتب هذا الكتاب طبيب.
acm,احتاج بعد وكت.
acm,اخوية الصغير ديتفرج عالتلفزيون.
acm,مقبلت تحجي شي اكثر عن الموضوع.
cjy,你买了回成票了吗。
cjy,汤姆现在很可能不高兴。
cjy,我是中国人。
cjy,你那往何地儿的咧？
cjy,是那家。
cjy,尔拉那是我的后生。
cjy,剩？
cjy,是人家。
fuv,A medi yahugo Paris na?
fuv,Mi yida ko dume.
fuv,Wala ko mi yidi.
fuv,O fauni bana ndebbo.
fuv,Beddo hako shayi do useni.
fuv,Na aibe am on ba.
fuv,Mi andi a jabata.
fuv,Mi andi a viyan wattako.
fuv,Tom hurtori masin.
heb,בוא נעזור אחד לשני.
heb,נוכל אחר כך לצאת לכוסית?
heb,אנו באמת יכולים להרשות את זה לעצמנו?
heb,אנו יכולים לנוח פה שניה?
heb,אנו יכולים עכשיו לראות את הרופא?
heb,טום רצה לנשור מבית הספר.
heb,הרדיו מרעיש מדי.
heb,הם התייחסו אליי כמו אל ילד.
heb,איך זה שלא עשית את זה?
ibo,Tom Kedu.
ibo,I wepuru ahihia ahu?
ibo,Gwagodi Tomu ka-obata n'ime?
ibo,I nwere Ike Igwa Tomu ka-obata n'ime?
ibo,I na-akwado Iga ebe ahu?
ibo,Tomu na Mari akpara Ihe ahu?
ibo,Enwere m ike ibiri gi diksonari a?
ibo,Ihuru mgbe Tomu bara n'me ugbo ala ahu?
ibo,Enwerem ike iju gi ajuju ozo?
jpn,ラクダは背中のこぶに大量の脂肪をためることができる。
jpn,タンパに住みたいです。
jpn,寝坊したから、学校に遅刻した。
jpn,雨やんだ？
jpn,「雨やんだ？」「いや、まだ降ってる」
jpn,なんで傘持ってこなかったの？
jpn,子は 貯金箱に すべてのお金を置きました。
jpn,私は 12（十二) 歳です。
jpn,トムの奥さんの名前はメアリーで、彼の息子の名前はホラスです。
max,"Email nama uzantonomo@email.com itu tong baca ""uzantonómo et iméil dot kóm""."
max,Bulan Februari torang rayakan itu Valentine.
max,Beso surat itu su sampe.
max,Kase manyala lampu ka.
max,Kalimat samua di sini musi ada dia pe titik.
max,Ngana su perna pigi di Paris?
max,Ngana su perna sampe di Paris ka balong?
max,"Kita bae-bae saja, ngana dang?"
max,Kita tara tau.
nlv,Yerwi wallaɣ-iw.
nlv,¿Nikan ikah itoka Tom?
nlv,¿Teh tiwallas nowan?
nlv,"Nimitztlatlahtia, amo xikilli nosiwa inin."
nlv,Tom kualtis kualtlapowas Francés yompa ipampa yeh omomachti eyi xiwitl.
nlv,¿Teh timawiltia futbol noso rugby?
nlv,¿Teh timawiltitok futbol noso rugby?
nlv,Onimokah se chikome ompa Istambul.
nlv,Amonka Premio Nobel kampa matemáticas.
nya,Mukudziwako kucipatala?
nya,Kodi cimbudzi cili kuti?
nya,Ndifuna kugula zipatse.
nya,Ndifuna kugula malalanje.
nya,Ndifuna kugula nthoci.
nya,Ndifuna kugula zinanadzi.
nya,Kodi muli kumva bwanji tsopano?
swh,Sawa.
swh,Una miaka mingapi?
swh,Ana miaka mingapi?
swh,Tizama hii picha.
swh,Una moyo.
swh,Mimi ni mbaya sana.
swh,Sikujui.
swh,Nina njaa.
nya,Ndili kumva bwino.
nya,Ana akupangilani cakudya?
spa,¿Quién necesita eso?
spa,¿Quién necesita aquello?
spa,¿Te gustan esos pendientes?
spa,¿Te gusta esta blusa?
spa,¿Te gusta este dibujo?
spa,¿Te gusta este diseño?
spa,"¿Te gusta la cresta mohicana? No, no me gusta ese estilo."
spa,¿Te gusta hacer deporte?
bre,Me 'zo skuizh.
bre,Kelenn a ran.
bre,Demat.
bre,"Demat, penaos 'mañ kont ?"
bre,Gall on.
bre,Redek a ran.
bre,En iliz emañ bremañ.
bre,Trugarez memes tra.
bre,Dieub ha par en o dellezegezh hag o gwirioù eo ganet an holl dud. Poell ha skiant zo dezho ha dleout a reont bevañ an eil gant egile en ur spered a genvreudeuriezh.
dsb,"Jaj, a derekam!"
dsb,Pijom tej bźez cukora.
dsb,Njejo žednje pśepózdźe.
dsb,Nigdy nie jest za późno.
dsb,Śpa jo namała.
dsb,Źinsa jo pětk.
dsb,We jśpě jo wjelika mucha.
dsb,Mamy dosć wódy.
dsb,Pśichod pótrjebujo zajźonosć.
fra,"Pour toutes choses, il y a de bons et de mauvais côtés, comme chez les humains."
fra,"Corrigez la phrase, s'il vous plait."
fra,Nous avons terminé le travail en suivant ses instructions.
fra,Personne ne sait ce qui lui est arrivé après.
fra,Quand notre monde est-il apparu ?
fra,"Demain, nous irons jouer au base-ball."
fra,"Corrige la phrase, s'il te plait."
fra,Vivre dans une grande maison coûte cher.
fra,La petite fille perdue donna son nom en pleurant.
gan,係我嗰。
gan,汝英語會話係啵？
gan,奥斯陸係挪威嗰最多人嗰城市。
glg,Todas estas frases precisam dum ponto final.
glg,Podes camiñar un pouco para que podamos pechar a porta?
glg,"Benvido á casa, irmanciño!"
glg,Déixame un pouco desacougado que Tom tarde tanto.
glg,Detesto ao mozo de Mary.
glg,"Se alguén me chama, dille que non estou."
glg,El afogou no río.
glg,O país está baixo un escenario de guerra.
glg,Quero ir ao monte.
grc,Καλῶς ποιεῖτε τοῖς μισοῦσιν ὑμᾶς.
grc,Ἢ τὰν ἢ ἐπὶ τᾶς.
grc,Πρὸς τὸν οἶκον βαδίζω.
grc,Χαλεπός ἐστιν ὁ βίος.
grc,Ὁ Δικαιόπολιςς Ἀθηναῖός ἐστιν.
grc,"Τὸ μὲν οὖν πλοῖον πλεῖ, ὁ δὲ κυβερνήτης πρὸς τὴν γῆν βλέπει."
grc,Ὁρῶ τὴν οἰκίαν.
grc,Τὸ πλοῖόν ἐστιν ἐν Βυζαντίῳ.
grc,Ἓν οἶδα ὅτι ουδὲν οἶδα.
gsw,En Guete!
gsw,Gueti Reis!
gsw,Ich verstand.
gsw,Ich verstand nit.
gsw,Bitte schwätze Sie langsamer.
gsw,Bitte schwätz langsamer.
gsw,Bitte schriibe Sie das uf.
gsw,Bitte schriib das uf.
gsw,Entschuldigung.
kor,저는 설탕이 없어서 안 마셔요.
kor,아마 내일은 날씨가 나아질 거예요.
kor,나는 의사가 아닙니다.
kor,난 그 아이가 길을 잃까봐 걱정 하고 있어요.
kor,자야 겠다.
kor,제가 자야 돼요.
kor,제가 자야 해요.
kor,제가 자야 겠죠.
kor,뭐 해요?
mai,नमस्कार।
mai,प्रणाम।
mai,केना छी अहाँ।
mai,बधाई!
mai,धन्यवाद!
mai,हँ।
mai,"हम ठीक छी, धन्यवाद।"
mai,हमर नाम टॉम छी।
mar,तू माझ्याबरोबर येशील का?
mar,तुम्ही माझ्याबरोबर याल का?
mar,तुला माझ्याशी बोलायचं आहे का?
mar,तुम्हाला माझ्याशी बोलायचं आहे का?
mar,तुला ही भाषा का शिकायची आहे?
ltz,Ech ginn zu Fouss no Bilthoven.
ltz,Ech ginn zu Fouss.
ltz,D'Vullen sinn rout.
ltz,Melanie ësst gär Pizza.
npi,म खाना खाइरहेको छु
npi,मलाई आज रुघा लागेको छ ।
npi,मैले बुझिन ।
npi,म ब्राजिलबाट हुँ ।
npi,म खाँदै छु ।
npi,म ठिक छु ।
npi,उनि उसंग सुतिन् ।
npi,म हरेक दिन अंग्रेजी पढाउँ छु ।
npi,बधाई छ !
nst,Thawz kä kiimx äsi viq diax.
nst,Thawmz kä kiimx si hiax.
nst,Ärä kä dzänzrawx äsix mänäx.
nst,Äpaiq kä äsham naix äsak raix rängiax mäk
nst,Äpaiq kä äsak raix mänz cyaw mäk.
nst,Thawz kä ä-khiiqliip nä kämphaw ähüz.
nst,Thawmz kä ämäox cyängz.
nst,Thawmz kä ävangx cyängz.
nst,"Kämänäx, Thawmz kä pedziz naix viashaüz-nyiimyaq li phaq tälawx ikhäx."
qya,Et eärello endorena utúlien. Sinome maruvam ar hildinyar tenn’ Ambar-metta.
qya,Á querë immo i quén nelyë nóna náven.
qya,Áva rucë.
qya,Elen siluva lúmenna omentielva.
qya,"Eru ná cánonya, ar macilinya ná sartonya."
qya,Átaremma i ëa han ëa · na aire esselya · aranielya na tuluva · na care indómelya cemende tambe Erumande : ámen anta síra ilaurëa massamma · Ar ámen apsene úcaremmar sív' emme apsenet tien i úcarer emmen. Álame tulya úsahtienna mal áme etelehta ulcullo : násie :
qya,Mára mesta!
qya,A tula náressë.
qya,Mauya nin avánië
rus,Это здание очень большое.
rus,Крыса жива или мертва?
rus,Крыса живая или мёртвая?
rus,Я пытаюсь помочь тебе.
rus,Я пытаюсь оказать вам помощь.
rus,"Кажется, что учитель был разочарован."
rus,Я не очень люблю пиво.
rus,"О нём песни напевают, сказки сказывают."
rus,Я не люблю спиртное.
sux,҅Ԡ҂ ҂ ҄ؠҍʠ҈ޠҀʠҊҠҁɠ҂׊7278087
sux,҃۠҅נҁĠ҂ʠ҂נ҈ޠҍʠҀ ҁ Ҁ0Ҁ҄͠Ѡ҈̠ҊϠҀ͠ҌǠҌǊ7277891
sux,҂נ҂ʠҀ ҈ޠҀ ҂ՠҁ Ҁ݊5028495
sux,Ҁʠҋۊ5028503
sux,҅נҁĠҁɠ҉`҅Ŋ5029046
sux,Ҁ ҄ϠҀؠ҆ߠҊϠҀʠҌӠґϠҀ ҃Π҃ΠҀ Ҁʊ5103827
sux,҄נҊҠҌݠ҆ߠҊϠҀʠҌӠґϠҀ ҃Π҃ΠҀ Ҁʊ5103829
sux,҉Ƞ҂נҀ֠҈̊4982878
sux,҂נ҉J5090736
mar,मी आराम करतेय.
mar,भेटवस्तू आहे.
mar,मांजरीला मी माझ्या खोलीत यायला दिलं.
mar,हे तुला कोणी दिले?
mhr,Поро кече!
mhr,Поро кас!
mhr,Поро эр!
mhr,Салам лийже!
mhr,Поро кече лийже!
mhr,Поро кас лийже!
mhr,Поро эр лийже!
mhr,Мый марла кутырем.
mhr,Ме марла кутырена.
mnc,ᡤᡠᡵᡠᠨ ᠰᡳᡩᡝᠨ ᡥᡝᡥᡝᠰᡳᠰᠠᡳ ᡳᠨᡝᠩᡤᡳ ᠠᡵᠠᠮᠪᡳ
ori,କଇଁଛମାନଙ୍କ ଦାନ୍ତ ନଥାଏ
ori,କେତେଟା ସମୟ ହେଲା?
ori,ହେ
ori,ମୁଁ ଆଉ ବଞ୍ଚିବାକୁ ଚାହୁଁନି
ori,ନିଜେ ଉଚ୍ଚ ଜାତିର ହୋଇ ମଧ୍ୟ ସେ ସମକାଳୀନ ୧୯୨୦ ଦଶକର ସମାଜରେ ନୀଚ ଜାତି ଦ୍ୱାରା ପରିବେଷିତ ଓ ନୀଚ ନାଚ ଭାବେ ଗଣା ହେଉଥିବା ଭାରତନାଟ୍ୟମକୁ ପେସା ଭାବେ ଆଦରିଥିଲେ
osx,"Ēn, twē, thrīe, fiuwar, fīf, sehs, siƀun, ahto, nigun, tehan."
osx,Tom herkes gittikten sonra geldi.
osx,Sum spraka is githiudi mid heririnkum endi skipum.
otk,а˰аӰа:аܰбŰа6782744
otk,"бðаưаº‬а˰аӰа:аܰбŰаâ,‬"
otk,аɰаںаͰаƊ6778972
otk,а˰аðаܺаڰаúаǰаҺбŰаǰаܰбźа˰а޺аްбðаúаذбŰаúаްаڰаպбðаذаưаպаưаÊ6778976
otk,аְа؊6778983
pol,Pojawisz się na popołudniowym spotkaniu?
pol,On w dziesięć minut odpowiedział na wszystkie pytania.
pol,Jego syn ma talent do muzyki.
pol,Pacjent stracił dużo krwi.
pol,"Małpy żywią się owadami, owocami i korzeniami."
pol,Muszę pomówić z tobą osobiście.
pol,Idź beze mnie.
pol,"Tom zna człowieka, którego córka mieszka w Bostonie."
pol,Mnie też się nie podoba.
swg,Was willsch do macha?
swg,"*S hod koin Senn, mid Männer zom Schdreida, se hend jo eh ällaweil O'rechd!"
swg,En ra gscheida Floischbriah müssad meh Auga nausgugga wie nai.
swg,I koa dees jetzt no net macha.
swg,"„Babba, woisch des Deng zom Grombiera schäla?“ – „Dia isch ge aikaufa.“"
swg,Mr muaß es ällaweil positiv säha: s'isch d'r ledschde Meedich vo dera Woch!
swg,Ällaweil dia neidische Bligge em Fiddness-Schdudio! Sollad se sich hald ihre oigene Mauldascha midbrenga!
swg,"Wichdig isch, dass d' emmer ebber hosch, der em entscheidenden Moment noachschenggd!"
swg,"Es ko koi Zuafall sai, dass sich „Schwabe"" uff „Gabe"" reima duat."
tyv,Мен эмчи эвес тур мен.
tyv,Мен эки эвес тур мен.
tyv,Кежээкиниң мендизи-биле.
bar,Passt scho!
bar,"G'rad jeder Schmarr'n, der dir einfällt, taugt dir als Antwort."
bar,"Hau ma glei o, waun da Thomas kummt."
bar,Kaunnst amoi auzahn?
bar,Wengam Reng håmas Picknick ohgsogt.
bar,Vo de hob i no nie ane hergnumma.
bar,"I waaß ned, ob's kumma is oder ned."
bar,"I woaß net, ob's kemma is."
bar,"Ihr miassts ihr höfn, und zwoa gschwind!"
ita,Compri riviste o giornali?
ita,Chi ha dormito poco e male oggi?
ita,Ogni giorno compro due giornali e una volta alla settimana una rivista qualsiasi.
ita,"Ma dai, quale disturbo!"
ita,Non mi credono.
ita,Loro non mi credono.
ita,So che stai nascondendo qualcosa.
ita,So che sta nascondendo qualcosa.
ita,So che state nascondendo qualcosa.
mgm,Ua plaer kilara dlo.
mgm,O tengki bue.
mgm,Kode reis u uja bel o jas.
mgm,Aem kontente kahe.
mgm,Munang ua fuma mas agora banoi.
mgm,Au maki gnan rat agi manidua.
mgm,O nei tempo oid hasoru ro ni semana ahen.
mgm,Bihina id ba konhesido bad lo ua bonita mas tan la ua atug kode.
mgm,Au ne bel sih neira kid au impresta ua.
mkd,Синиот велосипед е нов.
mkd,Техеран е во Иран.
mkd,"Еден, два, три, четири, пет, шест, седум, осум, девет, десет."
mkd,Сакам да живеам во Бразил.
mkd,Тоа е стол.
mkd,Тоа е птица.
mkd,Дали е тоа стол?
mkd,Дали е тоа птица?
mkd,Човекот е млад.
nau,Omo yoran!
nau,Omo yekwo!
nau,Omo yemero!
nau,Omo yubum!
nau,Yen egom?
nau,Wo meg i?
nau,Tubwa kor!
nau,Mangada.
nau,Ang nuwawen!
pnb,مینوں کل انگریزی وچ اک خط ملییا۔
pnb,کل مینوں انگریزی دے وچ اک چھٹی ملی۔
pnb,ٹیکسی اڈیکدی پئی اے۔
pnb,مینوں کج دن دیو۔
pnb,اک بچہ گُم ہو گیا اے۔
pnb,مینوں اے قرض بھگتانا اے۔
pnb,کافی تیز بارش ہوئی۔
pnb,چند دنا دی چھٹی لے لے۔
pnb,تہاڈا کیہ حال اے؟
wol,Fan nga dem?
wol,Ñibbal.
wol,Lii lan la?
wol,Kii lan la?
wol,Amuma muus.
wol,"Wurus, amuma xaalis."
wol,Tey amuma xaalis.
wol,Ban dekka nga faxeeku?
wol,Fan nga joge?
zul,Burj Khalifa yibhilidi elide kwengca wonkhe emhlabeni.
zul,Ngiyakuthanda.
zul,Ngiyakuzonda.
zul,Ngiyamthanda.
zul,Nginguthisha.
zul,Ngifuna ukuhlala emaphandleni.
zul,Ngifuna ukuhlala edolobheni.
zul,Ngifuna ukuhlala enqabeni.
zul,Ngingudokotela.
ady,"Макӏэу ӏо, бэу шӏэ."
ady,Сэ сыӏуагъ.
ady,Шӏэхэу тызэрэлъэгъущт!
ady,"Бурдж-Халифа дуней псом, тет унэхэм я нэхъ лъагэдыдэщ."
ady,Умыгуаӏ!
ady,Мыр уипхъуа?
ady,Уипчэдыжь шӏу.
ady,Уимафэ шӏу.
ady,Уипчыхьэ шӏу.
cycl,Tom gosta de espaguete.
cycl,(behaviorCapable-PerformedBy Madonna Singing-Human)
cycl,(numberOfInhabitants CityOfAucklandNZ 1000000)
cycl,(isa CityOfAucklandNewZealand (CityInCountryFn NewZealand) )
cycl,(likesAsFriend Batman Robin-BatmanSidekick)
cycl,(mostNotableIsa Batman Superhero)
cycl,(goals Sauron (forAll ?HOB (implies (isa ?HOB Hobbit) (feelsTowardsObjectToDegree ?HOB Sauron Fear highToVeryHighAmountOf))))
cycl,"(thereExists ?PERSON1 (thereExists ?PERSON2 (and (nameStrings ?PERSON1 ""Philip"") (nameStrings ?PERSON2 ""Tom"") (relatives ?PERSON1 ?PERSON2))))"
cycl,(not (languageSpoken (PronounFn FirstPerson-NLAttr Singular-NLAttr Ungendered-NLAttr SubjectPronoun) JapaneseLanguage))
deu,Ich habe meine Tochter verheiratet.
deu,Du musst am Sonntag nicht zur Schule gehen.
deu,Das Buch ist sowohl mit festem als auch mit flexiblem Einband verfügbar.
deu,Wir haben wichtige Themen zu besprechen.
deu,"Wir sind verantwortlich für das, was wir tun, aber auch für das, was wir nicht tun."
deu,"Lernen ist wie Rudern gegen den Strom. Sobald man aufhört, treibt man zurück."
deu,Gegenseitiges Vertrauen ist wichtiger als gegenseitiges Verstehen.
deu,Auf dem Weg durchs Leben kann man den Wind nicht immer im Rücken haben.
deu,Das Geheimnis aller Brotvermehrung heißt: Teilen.
epo,Virinoj estas tre forgesemaj. Kelkfoje ili forgesas sin mem.
epo,Kiel ni haltigas homojn kiel Tomo?
epo,Kiel ni haltigu homojn kiel Tomo?
epo,"Bonvolu malfermi la pordon. ""Atendu minuton.'"
epo,Ni ĵetu moneron!
epo,La prezo altiĝas.
epo,Proksimume sep miliardoj da homoj loĝas sur nia planedo.
epo,Ili gustumis la panon.
epo,Saturno estas la due plej granda planedo en la sunsistemo.
gil,I anganiko te boki.
gil,Ko na mauri!
gil,Arau Tim.
gil,Taiaoka bwa I aki oota.
gil,Ko rabakau n taetae ni Kiribati?
gil,E kabooa te raiti.
gil,Iai am moko?
gil,E uraura te auti.
gil,Aio rongorongon abau.
ile,Esque senior Schmidt es nu in hem?
ile,Seniora Brown scrit un libre pri politica.
ile,Noi omnes labora.
ile,Qui es li fémina?
ile,Cáit lee li jurnal.
ile,Tu discusset.
ile,Yo ha ganiat.
ile,A fraude continua.
ile,Tu deve amar la tre mult.
kaz,Бiлемiн.
kaz,Менің атым Сәлі.
kaz,Бұл менің қызым.
kaz,"Бiр, екi, үш, төрт, бес, алты, жетi, сегiз, тоғыз, он."
kaz,Сіз кімсіз?
kaz,Кеш жарық.
kaz,Бүгін сенбi.
kaz,Неге?
kaz,Қайда жұмыс істейсіз?
ngt,/ceʔ koːɲ kaw cəmɛh tʰɔːm/
ngt,/kaw ʔat duaŋ/
ngt,/kaw cəmɛh tʰɔːm/
ngt,/hɛː juːʔ talaːt/
ngt,/kaw niʔ ʔɛɛʔ maj/
ngt,/kaw niʔ kamɔːk maj/
ngt,/kaw kamɔːk maj/
ngt,/maj juːʔ ʔaj muː/
ngt,/niʔ cuk daaʔ/
niu,Mua kia.
niu,Fakaalofa atu.
niu,Ko hai?
niu,Ko fe?
niu,Koe kia!
niu,Ko hai e higoa haau?
niu,Nofo au i Toga.
niu,Ko fe e falevao?
niu,Mutolo kia!
san,पश्यति त्वामाचार्यः।
san,साध्यापिका।
san,गजा जलं पिबन्ति।
san,घोटका धवन्ति।
san,भ्रमसि।
san,अधुनावगच्छामः।
san,उपविशावः।
san,अत्र किं लिखामि।
san,शोभनमेवैतत्।
tkl,E māualuga te tino.
wuu,稍等，现在讲的啥？
wuu,多么遗憾啊！
wuu,城市最近扩张很迅速。
wuu,通过投票来决定吧。
wuu,他们互相帮助。
wuu,这台机器一分钟可以打印60页。
wuu,请拿。
wuu,我们需要互相帮助。
wuu,我勿要侬拿搿章事体告诉任何人家。
sco,Whit a bonnie day tae be oot an aboot.
sco,whit did ye say ?
sco,A'm jist on ma wey hame.
tur,Herkes onu fark etti.
tur,Herkes şaşırmıştı.
tur,Her şey normal.
tur,Her şey iyi gitti.
tur,Buz üzerinde düşmek incitir.
tur,Babam arabayı tamir etti.
tur,Babam evde değil.
tur,Düz bir sıra oluşturun.
tur,Dört adam şarkı söylüyor.
vro,Burj Khalīfah om parhilla kõgõ kõrgõp pilvelaotaja maailmah.
vro,Kon om peldik?
vro,Kon ti elät?
vro,Ma olõ mehhiklanõ.
vro,Võro kiräviie alossõs om ladina põhitähistü.
vro,Kikas om esäne kana.
vro,"Üts arssin om 71,12 sentimiitrit."
vro,"Sotsioloogia om tiidüs, miä uur ütiskunda."
vro,Miä su nimi om?
zza,Mary ma tersanê.
zza,A şi keye u bermê.
zza,Mı ey xu viri kerd.
zza,Tom! To fına vinayış çı weş!
zza,O do şıro cayê to.
zza,Tom ewna zerre.
zza,A nê pısinga ra heskena.
zza,Mı eyrê va ma ımbazi bi.
zza,Sere yé Mary teweno.
bua,Түрэһэн үдэрэй мэндэ!
bua,Түрэһэн үдэрэй мэндэ хүргэе!
bua,Утаанhаа тэрьелээб гэжэ галда оробо.
bua,"Угытэй хγн туhалааша, γншэн хγн хайрлааша."
bua,"Хγн болохо багаhаа, хγлэг болохо унаганhаа."
bua,"Зоболон гасалан хоёр - зургаа хоноод, эртэ ерэхэ, зол жаргал хоёр - зуу хоноод, орой ерэхэ."
bua,Эрхэлhэн хγγгэд эмээлэй бγγргэ эмдэжэ наадаха.
bua,Ажалгγйгөөр алганашье барихагγйш.
bua,"Yгытэй хγн γльгэршэ, γншэн хγн дууша."
che,Мичахь болх беш ву хьо?
che,Суна хьо еза.
che,1. Нажи-бутт 2. Мархи-бутт 3. Биэкарг-бутт 4. Тушоли-бутт 5. Сели-бутт 6. Мангал-бутт 7. Мятсел-бутт 8. Эгиш-бутт 9. Тав-бутт 10. Ардар-бутт 11. Эрх-бутт 12. Огой-бутт
che,Билетан хӏун мах бу?
che,хьо мичар ву ?
che,МугI ду хьа гIулкъш ?
che,Хьа мас шо ду ?
che,Хьо ху дяш ву ?
che,Хьо мич вюдш ву ?
cor,My a bew an ki ma.
cor,Yma’n ki ma dhymmo vy.
cor,Ow hi yw.
cor,Ow hi vy yw.
cor,Yma’n ki dhymmo vy.
cor,My a bew an ki.
cor,My a bren paperyow-nowodhow pub dydh.
cor,Kows orthiv.
cor,Nyns yw res dhymm studhya Nihonek.
eng,Mice are drinking the water.
eng,The three brothers resembled each other very much.
eng,You could get milk from the cows.
eng,She has a dog.
eng,"Learn that while I live, vile death comes."
eng,He laughed into his sleeve.
eng,He laughed inwardly.
eng,Tom laughed into his sleeve.
eng,Tom laughed inwardly.
gle,Ní comhtharlú é seo.
gle,Ní raibh comhtharlú é.
gle,Ní thuigim an dán seo.
gle,Bhí seisear mac ag monarc.
gle,"Creid é nó ná creid ach seo scannán eile atá déanta faoin laoch mór, Superman."
gle,An bhfuil tú go maith ag leadóige?
gle,An bhfuil tú go maith ag matamaitice?
gle,Tá bláthanna dearga aici.
gle,Ní maith liom í.
hil,Ang lalaki nagkaon sang tinapay.
hil,"Indi, di tambok si Laurie."
hil,Si Azeri ako
hil,Kanugon gid nga nagadivorce sila.
hil,Gamay ang tinapay.
hil,Indi ko kaya subong sini nga obra.
hil,"Di siya kabalo maginggles, di bala?"
hil,Wala pa ko nakakita sini nga klase sang isda.
hil,"Mike, imo ba ini nga libro?"
hsb,Wy njekuriće.
hsb,"Sym jónu čitał, zo čitanje wohrožuje hłuposć."
hsb,Chcu do Awstralskeje pućować.
hsb,Hladaj ze swojimaj wušomaj.
hsb,Mjetel pjerchota.
hsb,Tež Arnošt pochadźa z Łužicy.
hsb,"Njejsym widźał, zo sy tak dobry kuchar."
hsb,"Jeli sy mučny, dźi spać."
hsb,"Jeli sy mučna, dźi spać."
kat,რა გქვია?
kat,ქრისტე აღსდგა!
kat,შენ ეს ოთახი დასაძინებლად არ შეგეფერება.
kat,ნახევარი საათი მოიცადე.
kat,გრამატიკა ძალიან რთულია.
kat,ძალიან ბედნიერი ვარ საქართველოში.
kat,ბურჟ ხალიფა სამყაროს ამჟამინდელი უმაღლესი ცათამბჯენია.
kat,ხმალი მინდა!
kat,ცათამბჯენი ქალაქის ცენტრშია.
lmo,Come va-la?
lmo,T'sè gia stai a Pariis?
lmo,Gh'è mia rason da véec pagüra.
lmo,"L'è mia na fras, chesta."
lmo,Us s'vestiis coma na dona.
lmo,Gh'ho nota.
lmo,Gh'ho naot.
lmo,"Mo dal cafè, p'piasée."
lmo,Un gatt l'è gnì föa da sota la scrivania.
pms,It l'has dla pitura 'doss.
pms,It l'has dla pitura adoss.
pms,Tom a l'avìa gnente da dì.
pms,I son content dël risultà 'd mia verifica 'd matemàtica.
pms,I pens che Tom a condivida 'n linea tròpe anformassion përsonaj.
pms,I son sigur ëd podèj fé mej.
pms,Tomo a 'bassa la radio.
pms,Dividoma polìtica e religion.
pms,Dividoma la polìtica da la religion.
shs,Ta7 ke 7st̓ekwílc.
shs,Pellpus-ken.
shs,Nspeqwéltcw ne7élye.
shs,Tsútst-ken eswíktsen.
shs,John re nskwest.
shs,Re 7newí7 re senlé7s.
shs,Tekellélem ri7 Tom re stsmelts.
shs,"Ta7 ke nst̓ekwílc, tsen̓meksélt-ken."
shs,T̓hé7en le Tom?
sin,මම මිටියි.
sin,මට උණුවතුර නාන්න ඕනේ නෑ.
sin,මට උණුවතුර නාන්න ඕන්නෑ.
sin,මට උණුවතුර නාන්න අවශ්‍ය නෑ.
sin,මට උණුදිය නෑමට ඇවැසි නැති.
sin,මං විනාඩි පහළවෙන් ඔතන.
sin,ඔයා ඇහැරිනකොට මං මෙහේ නෑ.
sin,ඔයා ඇහැරිනකොට මං මෙහෙන් ගිහින්.
sin,උඹ නැඟිටිනකොට මං මෙහේ නෑ.
swe,Jag har bara druckit två glas vin.
swe,Vilken väg ska vi ta?
swe,Åt vilket håll ska vi gå?
swe,Du gör illa mig.
swe,Tom berättade för mig att vi har slut tid.
swe,Jag har känt Jim ända sedan vi var barn.
swe,Jag känner din bror?
swe,Jag känner er bror.
swe,Var är dina väskor?
